"id","name","season_id","no_of_games_played"
39,Acrisure Stadium,2005,8
39,Acrisure Stadium,2006,8
39,Acrisure Stadium,2007,9
39,Acrisure Stadium,2008,10
39,Acrisure Stadium,2009,8
39,Acrisure Stadium,2010,10
39,Acrisure Stadium,2011,16
39,Acrisure Stadium,2012,14
39,Acrisure Stadium,2013,18
39,Acrisure Stadium,2014,18
39,Acrisure Stadium,2015,16
39,Acrisure Stadium,2016,18
39,Acrisure Stadium,2017,18
39,Acrisure Stadium,2018,16
39,Acrisure Stadium,2019,17
39,Acrisure Stadium,2020,15
39,Acrisure Stadium,2021,17
39,Acrisure Stadium,2022,17
39,Acrisure Stadium,2023,16
68,Aggie Memorial Stadium,2011,6
68,Aggie Memorial Stadium,2012,6
68,Aggie Memorial Stadium,2013,7
68,Aggie Memorial Stadium,2014,6
68,Aggie Memorial Stadium,2015,5
68,Aggie Memorial Stadium,2016,5
68,Aggie Memorial Stadium,2017,5
68,Aggie Memorial Stadium,2018,5
68,Aggie Memorial Stadium,2019,5
68,Aggie Memorial Stadium,2021,5
68,Aggie Memorial Stadium,2022,7
68,Aggie Memorial Stadium,2023,6
33,Alamodome,2005,3
33,Alamodome,2012,4
33,Alamodome,2013,6
33,Alamodome,2014,7
33,Alamodome,2015,7
33,Alamodome,2016,8
33,Alamodome,2017,7
33,Alamodome,2018,7
33,Alamodome,2019,7
33,Alamodome,2020,7
33,Alamodome,2021,8
33,Alamodome,2022,8
33,Alamodome,2023,13
33,Alamodome,2024,10
69,Alaska Airlines Field at Husky Stadium,2011,7
69,Alaska Airlines Field at Husky Stadium,2012,6
69,Alaska Airlines Field at Husky Stadium,2013,9
69,Alaska Airlines Field at Husky Stadium,2014,7
69,Alaska Airlines Field at Husky Stadium,2015,7
69,Alaska Airlines Field at Husky Stadium,2016,7
69,Alaska Airlines Field at Husky Stadium,2017,7
69,Alaska Airlines Field at Husky Stadium,2018,6
69,Alaska Airlines Field at Husky Stadium,2019,7
69,Alaska Airlines Field at Husky Stadium,2020,4
69,Alaska Airlines Field at Husky Stadium,2021,7
69,Alaska Airlines Field at Husky Stadium,2022,7
69,Alaska Airlines Field at Husky Stadium,2023,7
70,Albertsons Stadium,2011,7
70,Albertsons Stadium,2012,7
70,Albertsons Stadium,2013,6
70,Albertsons Stadium,2014,8
70,Albertsons Stadium,2015,7
70,Albertsons Stadium,2016,7
70,Albertsons Stadium,2017,8
70,Albertsons Stadium,2018,8
70,Albertsons Stadium,2019,8
70,Albertsons Stadium,2020,4
70,Albertsons Stadium,2021,7
70,Albertsons Stadium,2022,8
70,Albertsons Stadium,2023,7
252,Alerus Center,2022,5
252,Alerus Center,2023,7
291,Alfond Stadium,2022,5
291,Alfond Stadium,2023,5
57,Allegiant Stadium,2020,11
57,Allegiant Stadium,2021,22
57,Allegiant Stadium,2022,20
57,Allegiant Stadium,2023,20
71,Allen E. Paulson Stadium,2014,5
71,Allen E. Paulson Stadium,2015,6
71,Allen E. Paulson Stadium,2016,5
71,Allen E. Paulson Stadium,2017,4
71,Allen E. Paulson Stadium,2018,6
71,Allen E. Paulson Stadium,2019,6
71,Allen E. Paulson Stadium,2020,7
71,Allen E. Paulson Stadium,2021,6
71,Allen E. Paulson Stadium,2022,6
71,Allen E. Paulson Stadium,2023,6
248,Allianz Arena,2022,1
72,Aloha Stadium,2011,7
72,Aloha Stadium,2012,6
72,Aloha Stadium,2013,6
72,Aloha Stadium,2014,7
66,Aloha Stadium,2014,1
66,Aloha Stadium,2015,1
72,Aloha Stadium,2015,7
66,Aloha Stadium,2016,1
72,Aloha Stadium,2016,6
72,Aloha Stadium,2017,6
66,Aloha Stadium,2017,1
72,Aloha Stadium,2018,8
66,Aloha Stadium,2019,1
72,Aloha Stadium,2019,9
72,Aloha Stadium,2020,5
66,Aloha Stadium,2020,1
334,Alumni Memorial Field,2022,6
334,Alumni Memorial Field,2023,5
73,Alumni Stadium (Boston College),2011,6
73,Alumni Stadium (Boston College),2012,6
73,Alumni Stadium (Boston College),2013,6
73,Alumni Stadium (Boston College),2014,7
73,Alumni Stadium (Boston College),2015,7
73,Alumni Stadium (Boston College),2016,6
73,Alumni Stadium (Boston College),2017,6
73,Alumni Stadium (Boston College),2018,7
73,Alumni Stadium (Boston College),2019,6
73,Alumni Stadium (Boston College),2020,6
73,Alumni Stadium (Boston College),2021,6
73,Alumni Stadium (Boston College),2022,6
73,Alumni Stadium (Boston College),2023,7
269,Alumni Stadium (Delaware State),2022,7
269,Alumni Stadium (Delaware State),2023,5
74,Amon G. Carter Stadium,2011,8
74,Amon G. Carter Stadium,2012,6
74,Amon G. Carter Stadium,2013,6
74,Amon G. Carter Stadium,2014,8
74,Amon G. Carter Stadium,2015,7
74,Amon G. Carter Stadium,2016,8
74,Amon G. Carter Stadium,2017,7
74,Amon G. Carter Stadium,2018,7
74,Amon G. Carter Stadium,2019,7
74,Amon G. Carter Stadium,2020,7
74,Amon G. Carter Stadium,2021,8
74,Amon G. Carter Stadium,2022,7
74,Amon G. Carter Stadium,2023,8
209,Andy Kerr Stadium,2019,1
209,Andy Kerr Stadium,2022,4
209,Andy Kerr Stadium,2023,5
254,Anthony Field at Wildcat Stadium,2022,5
254,Anthony Field at Wildcat Stadium,2023,5
194,ANZ Stadium,2016,1
75,Apogee Stadium,2011,6
75,Apogee Stadium,2012,5
75,Apogee Stadium,2013,7
75,Apogee Stadium,2014,6
75,Apogee Stadium,2015,5
75,Apogee Stadium,2016,6
75,Apogee Stadium,2017,6
75,Apogee Stadium,2018,6
75,Apogee Stadium,2019,6
75,Apogee Stadium,2020,7
75,Apogee Stadium,2021,6
75,Apogee Stadium,2022,6
75,Apogee Stadium,2023,6
76,Arizona Stadium,2011,6
76,Arizona Stadium,2012,9
76,Arizona Stadium,2013,7
76,Arizona Stadium,2014,7
76,Arizona Stadium,2015,7
76,Arizona Stadium,2016,8
76,Arizona Stadium,2017,8
76,Arizona Stadium,2018,8
76,Arizona Stadium,2019,7
76,Arizona Stadium,2020,4
76,Arizona Stadium,2021,6
76,Arizona Stadium,2022,8
76,Arizona Stadium,2023,7
281,Armstrong Stadium,2022,6
281,Armstrong Stadium,2023,5
25,Arrowhead Stadium,1994,1
25,Arrowhead Stadium,2005,8
25,Arrowhead Stadium,2006,8
25,Arrowhead Stadium,2007,8
25,Arrowhead Stadium,2008,8
25,Arrowhead Stadium,2009,8
25,Arrowhead Stadium,2010,9
25,Arrowhead Stadium,2011,8
25,Arrowhead Stadium,2012,8
25,Arrowhead Stadium,2013,10
25,Arrowhead Stadium,2014,10
25,Arrowhead Stadium,2015,10
25,Arrowhead Stadium,2016,11
25,Arrowhead Stadium,2017,11
25,Arrowhead Stadium,2018,12
25,Arrowhead Stadium,2019,12
25,Arrowhead Stadium,2020,10
25,Arrowhead Stadium,2021,13
25,Arrowhead Stadium,2022,12
25,Arrowhead Stadium,2023,10
272,Arthur J. Rooney Athletic Field,2022,5
272,Arthur J. Rooney Athletic Field,2023,4
77,Arthur L. Williams Stadium,2016,6
77,Arthur L. Williams Stadium,2018,6
77,Arthur L. Williams Stadium,2019,6
77,Arthur L. Williams Stadium,2020,6
77,Arthur L. Williams Stadium,2021,6
77,Arthur L. Williams Stadium,2022,6
77,Arthur L. Williams Stadium,2023,8
263,Arute Field,2022,5
263,Arute Field,2023,5
232,ASU Football Stadium,2019,1
232,ASU Football Stadium,2022,6
232,ASU Football Stadium,2023,5
14,AT&T Stadium,2009,9
14,AT&T Stadium,2010,9
14,AT&T Stadium,2011,8
14,AT&T Stadium,2012,8
14,AT&T Stadium,2013,10
14,AT&T Stadium,2014,17
14,AT&T Stadium,2015,14
14,AT&T Stadium,2016,15
14,AT&T Stadium,2017,15
14,AT&T Stadium,2018,16
14,AT&T Stadium,2019,14
14,AT&T Stadium,2020,11
14,AT&T Stadium,2021,16
14,AT&T Stadium,2022,12
14,AT&T Stadium,2023,14
200,Audi Field,2020,5
200,Audi Field,2023,7
200,Audi Field,2024,10
78,Autzen Stadium,2011,8
78,Autzen Stadium,2012,8
78,Autzen Stadium,2013,8
78,Autzen Stadium,2014,7
78,Autzen Stadium,2015,7
78,Autzen Stadium,2016,6
78,Autzen Stadium,2017,7
78,Autzen Stadium,2018,7
78,Autzen Stadium,2019,7
78,Autzen Stadium,2020,2
78,Autzen Stadium,2021,7
78,Autzen Stadium,2022,6
78,Autzen Stadium,2023,7
195,Aviva Stadium,2016,1
195,Aviva Stadium,2022,1
195,Aviva Stadium,2023,1
251,A.W. Mumford Stadium,2022,5
251,A.W. Mumford Stadium,2023,6
79,Bagwell Field at Dowdy–Ficklen Stadium,2011,6
79,Bagwell Field at Dowdy–Ficklen Stadium,2012,6
79,Bagwell Field at Dowdy–Ficklen Stadium,2013,7
79,Bagwell Field at Dowdy–Ficklen Stadium,2014,6
79,Bagwell Field at Dowdy–Ficklen Stadium,2015,6
79,Bagwell Field at Dowdy–Ficklen Stadium,2016,6
79,Bagwell Field at Dowdy–Ficklen Stadium,2017,7
79,Bagwell Field at Dowdy–Ficklen Stadium,2018,7
79,Bagwell Field at Dowdy–Ficklen Stadium,2019,6
79,Bagwell Field at Dowdy–Ficklen Stadium,2020,4
79,Bagwell Field at Dowdy–Ficklen Stadium,2021,6
79,Bagwell Field at Dowdy–Ficklen Stadium,2022,7
79,Bagwell Field at Dowdy–Ficklen Stadium,2023,6
308,Bailey Memorial Stadium,2022,5
308,Bailey Memorial Stadium,2023,5
8,Bank of America Stadium,2005,8
8,Bank of America Stadium,2006,8
8,Bank of America Stadium,2007,8
8,Bank of America Stadium,2008,9
8,Bank of America Stadium,2009,8
8,Bank of America Stadium,2010,8
8,Bank of America Stadium,2011,8
8,Bank of America Stadium,2012,8
8,Bank of America Stadium,2013,11
8,Bank of America Stadium,2014,13
8,Bank of America Stadium,2015,15
8,Bank of America Stadium,2016,11
8,Bank of America Stadium,2017,13
8,Bank of America Stadium,2018,13
8,Bank of America Stadium,2019,13
8,Bank of America Stadium,2020,10
8,Bank of America Stadium,2021,14
8,Bank of America Stadium,2022,13
8,Bank of America Stadium,2023,13
262,Barker Lane Stadium,2022,5
262,Barker Lane Stadium,2023,4
220,BB&T Stadium,2019,5
349,BC Place,2022,11
349,BC Place,2023,11
81,Beaver Stadium,2011,7
81,Beaver Stadium,2012,7
81,Beaver Stadium,2013,8
81,Beaver Stadium,2014,7
81,Beaver Stadium,2015,7
81,Beaver Stadium,2016,7
81,Beaver Stadium,2017,7
81,Beaver Stadium,2018,7
81,Beaver Stadium,2019,7
81,Beaver Stadium,2020,5
81,Beaver Stadium,2021,7
81,Beaver Stadium,2022,7
81,Beaver Stadium,2023,7
224,Beirne Stadium,2019,1
224,Beirne Stadium,2022,4
224,Beirne Stadium,2023,5
172,Ben Hill Griffin Stadium,2006,1
172,Ben Hill Griffin Stadium,2011,8
172,Ben Hill Griffin Stadium,2012,7
172,Ben Hill Griffin Stadium,2013,6
172,Ben Hill Griffin Stadium,2014,7
172,Ben Hill Griffin Stadium,2015,7
172,Ben Hill Griffin Stadium,2016,5
172,Ben Hill Griffin Stadium,2017,7
172,Ben Hill Griffin Stadium,2018,7
172,Ben Hill Griffin Stadium,2019,6
172,Ben Hill Griffin Stadium,2020,5
172,Ben Hill Griffin Stadium,2021,6
172,Ben Hill Griffin Stadium,2022,7
172,Ben Hill Griffin Stadium,2023,6
82,Benson Field at Yulman Stadium,2011,6
82,Benson Field at Yulman Stadium,2012,6
82,Benson Field at Yulman Stadium,2013,6
82,Benson Field at Yulman Stadium,2014,6
82,Benson Field at Yulman Stadium,2015,6
82,Benson Field at Yulman Stadium,2016,6
82,Benson Field at Yulman Stadium,2017,6
82,Benson Field at Yulman Stadium,2018,6
82,Benson Field at Yulman Stadium,2019,6
82,Benson Field at Yulman Stadium,2020,5
82,Benson Field at Yulman Stadium,2021,6
82,Benson Field at Yulman Stadium,2022,9
82,Benson Field at Yulman Stadium,2023,9
290,Bethpage Federal Credit Union Stadium,2022,5
290,Bethpage Federal Credit Union Stadium,2023,4
83,Bill Snyder Family Football Stadium,2011,7
83,Bill Snyder Family Football Stadium,2012,7
83,Bill Snyder Family Football Stadium,2013,9
83,Bill Snyder Family Football Stadium,2014,7
83,Bill Snyder Family Football Stadium,2015,7
83,Bill Snyder Family Football Stadium,2016,6
83,Bill Snyder Family Football Stadium,2017,7
83,Bill Snyder Family Football Stadium,2018,7
83,Bill Snyder Family Football Stadium,2019,7
83,Bill Snyder Family Football Stadium,2020,5
83,Bill Snyder Family Football Stadium,2021,7
83,Bill Snyder Family Football Stadium,2022,7
83,Bill Snyder Family Football Stadium,2023,7
353,BMO Field,2022,10
353,BMO Field,2023,10
85,Bobby Bowden Field at Doak S. Campbell Stadium,2011,8
85,Bobby Bowden Field at Doak S. Campbell Stadium,2012,9
85,Bobby Bowden Field at Doak S. Campbell Stadium,2013,9
85,Bobby Bowden Field at Doak S. Campbell Stadium,2014,7
85,Bobby Bowden Field at Doak S. Campbell Stadium,2015,7
85,Bobby Bowden Field at Doak S. Campbell Stadium,2016,6
85,Bobby Bowden Field at Doak S. Campbell Stadium,2017,6
85,Bobby Bowden Field at Doak S. Campbell Stadium,2018,7
85,Bobby Bowden Field at Doak S. Campbell Stadium,2019,7
85,Bobby Bowden Field at Doak S. Campbell Stadium,2020,5
85,Bobby Bowden Field at Doak S. Campbell Stadium,2021,7
85,Bobby Bowden Field at Doak S. Campbell Stadium,2022,7
85,Bobby Bowden Field at Doak S. Campbell Stadium,2023,6
86,Bobby Dodd Stadium at Historic Grant Field,2006,1
86,Bobby Dodd Stadium at Historic Grant Field,2011,7
86,Bobby Dodd Stadium at Historic Grant Field,2012,8
86,Bobby Dodd Stadium at Historic Grant Field,2013,7
86,Bobby Dodd Stadium at Historic Grant Field,2014,6
86,Bobby Dodd Stadium at Historic Grant Field,2015,7
86,Bobby Dodd Stadium at Historic Grant Field,2016,7
86,Bobby Dodd Stadium at Historic Grant Field,2017,6
86,Bobby Dodd Stadium at Historic Grant Field,2018,6
86,Bobby Dodd Stadium at Historic Grant Field,2019,7
86,Bobby Dodd Stadium at Historic Grant Field,2020,6
86,Bobby Dodd Stadium at Historic Grant Field,2021,6
86,Bobby Dodd Stadium at Historic Grant Field,2022,5
86,Bobby Dodd Stadium at Historic Grant Field,2023,6
299,Bobcat Stadium (Montana State),2022,8
299,Bobcat Stadium (Montana State),2023,7
123,Bobcat Stadium (Texas State),2012,6
123,Bobcat Stadium (Texas State),2013,6
123,Bobcat Stadium (Texas State),2014,6
123,Bobcat Stadium (Texas State),2015,6
123,Bobcat Stadium (Texas State),2016,6
123,Bobcat Stadium (Texas State),2017,6
123,Bobcat Stadium (Texas State),2018,6
123,Bobcat Stadium (Texas State),2019,6
123,Bobcat Stadium (Texas State),2020,6
123,Bobcat Stadium (Texas State),2021,6
123,Bobcat Stadium (Texas State),2022,6
123,Bobcat Stadium (Texas State),2023,6
256,Bob Ford Field at Tom & Mary Casey Stadium,2022,5
256,Bob Ford Field at Tom & Mary Casey Stadium,2023,6
87,Boone Pickens Stadium,2005,1
87,Boone Pickens Stadium,2011,7
87,Boone Pickens Stadium,2012,8
87,Boone Pickens Stadium,2013,7
87,Boone Pickens Stadium,2014,6
87,Boone Pickens Stadium,2015,7
87,Boone Pickens Stadium,2016,7
87,Boone Pickens Stadium,2017,6
87,Boone Pickens Stadium,2018,7
87,Boone Pickens Stadium,2019,6
87,Boone Pickens Stadium,2020,5
87,Boone Pickens Stadium,2021,7
87,Boone Pickens Stadium,2022,7
87,Boone Pickens Stadium,2023,7
218,Bragg Memorial Stadium,2019,2
218,Bragg Memorial Stadium,2022,5
218,Bragg Memorial Stadium,2023,5
302,Braly Municipal Stadium,2022,4
302,Braly Municipal Stadium,2023,5
247,Bridgeforth Stadium,2022,6
247,Bridgeforth Stadium,2023,6
88,Brigham Field at Huskie Stadium (NIU),2011,9
88,Brigham Field at Huskie Stadium (NIU),2012,8
88,Brigham Field at Huskie Stadium (NIU),2013,5
88,Brigham Field at Huskie Stadium (NIU),2014,5
88,Brigham Field at Huskie Stadium (NIU),2015,6
88,Brigham Field at Huskie Stadium (NIU),2016,5
88,Brigham Field at Huskie Stadium (NIU),2017,6
88,Brigham Field at Huskie Stadium (NIU),2018,5
88,Brigham Field at Huskie Stadium (NIU),2019,5
88,Brigham Field at Huskie Stadium (NIU),2020,3
88,Brigham Field at Huskie Stadium (NIU),2021,6
88,Brigham Field at Huskie Stadium (NIU),2022,6
88,Brigham Field at Huskie Stadium (NIU),2023,6
196,Bristol Motor Speedway,2016,1
89,Brooks Field at Wallace Wade Stadium,2011,7
89,Brooks Field at Wallace Wade Stadium,2012,7
89,Brooks Field at Wallace Wade Stadium,2013,7
89,Brooks Field at Wallace Wade Stadium,2014,7
89,Brooks Field at Wallace Wade Stadium,2015,6
89,Brooks Field at Wallace Wade Stadium,2016,6
89,Brooks Field at Wallace Wade Stadium,2017,7
89,Brooks Field at Wallace Wade Stadium,2018,6
89,Brooks Field at Wallace Wade Stadium,2019,6
89,Brooks Field at Wallace Wade Stadium,2020,5
89,Brooks Field at Wallace Wade Stadium,2021,7
89,Brooks Field at Wallace Wade Stadium,2022,6
89,Brooks Field at Wallace Wade Stadium,2023,7
90,Brooks Stadium,2016,8
90,Brooks Stadium,2017,6
90,Brooks Stadium,2018,6
90,Brooks Stadium,2019,6
90,Brooks Stadium,2020,7
90,Brooks Stadium,2021,8
90,Brooks Stadium,2022,8
90,Brooks Stadium,2023,7
333,Brown Field,2022,5
333,Brown Field,2023,5
226,Brown Stadium,2019,2
226,Brown Stadium,2022,5
226,Brown Stadium,2023,5
91,Bryant–Denny Stadium,2011,8
91,Bryant–Denny Stadium,2012,10
91,Bryant–Denny Stadium,2013,8
91,Bryant–Denny Stadium,2014,7
91,Bryant–Denny Stadium,2015,7
91,Bryant–Denny Stadium,2016,7
91,Bryant–Denny Stadium,2017,7
91,Bryant–Denny Stadium,2018,7
91,Bryant–Denny Stadium,2019,7
91,Bryant–Denny Stadium,2020,5
91,Bryant–Denny Stadium,2021,7
91,Bryant–Denny Stadium,2022,7
91,Bryant–Denny Stadium,2023,7
221,Buccaneer Field,2019,1
221,Buccaneer Field,2022,4
221,Buccaneer Field,2023,6
261,Bud and Jackie Sellick Bowl,2022,6
261,Bud and Jackie Sellick Bowl,2023,6
32,Caesers Superdome,1996,1
32,Caesers Superdome,2001,1
32,Caesers Superdome,2006,10
32,Caesers Superdome,2007,8
32,Caesers Superdome,2008,7
32,Caesers Superdome,2009,10
32,Caesers Superdome,2010,8
32,Caesers Superdome,2011,9
32,Caesers Superdome,2012,9
32,Caesers Superdome,2013,10
32,Caesers Superdome,2014,12
32,Caesers Superdome,2015,12
32,Caesers Superdome,2016,12
32,Caesers Superdome,2017,14
32,Caesers Superdome,2018,14
32,Caesers Superdome,2019,15
32,Caesers Superdome,2020,12
32,Caesers Superdome,2021,11
32,Caesers Superdome,2022,13
32,Caesers Superdome,2023,12
93,Cajun Field,2011,6
93,Cajun Field,2012,7
93,Cajun Field,2013,6
93,Cajun Field,2014,6
93,Cajun Field,2015,6
93,Cajun Field,2016,6
93,Cajun Field,2017,5
93,Cajun Field,2018,6
93,Cajun Field,2019,6
93,Cajun Field,2020,4
93,Cajun Field,2021,7
93,Cajun Field,2022,6
93,Cajun Field,2023,6
94,California Memorial Stadium,2011,6
94,California Memorial Stadium,2012,7
94,California Memorial Stadium,2013,7
94,California Memorial Stadium,2014,7
94,California Memorial Stadium,2015,6
94,California Memorial Stadium,2016,6
94,California Memorial Stadium,2017,6
94,California Memorial Stadium,2018,7
94,California Memorial Stadium,2019,6
94,California Memorial Stadium,2020,2
94,California Memorial Stadium,2021,6
94,California Memorial Stadium,2022,7
94,California Memorial Stadium,2023,6
63,Camping World Stadium,2014,2
63,Camping World Stadium,2015,3
63,Camping World Stadium,2016,6
63,Camping World Stadium,2017,3
63,Camping World Stadium,2018,4
63,Camping World Stadium,2019,3
63,Camping World Stadium,2020,3
63,Camping World Stadium,2021,2
63,Camping World Stadium,2022,3
63,Camping World Stadium,2023,9
95,Camp Randall Stadium,2011,9
95,Camp Randall Stadium,2012,8
95,Camp Randall Stadium,2013,7
95,Camp Randall Stadium,2014,7
95,Camp Randall Stadium,2015,7
95,Camp Randall Stadium,2016,6
95,Camp Randall Stadium,2017,7
95,Camp Randall Stadium,2018,7
95,Camp Randall Stadium,2019,7
95,Camp Randall Stadium,2020,3
95,Camp Randall Stadium,2021,7
95,Camp Randall Stadium,2022,7
95,Camp Randall Stadium,2023,7
314,Campus Field,2022,5
314,Campus Field,2023,5
44,Candlestick Park,2005,8
44,Candlestick Park,2006,8
44,Candlestick Park,2007,8
44,Candlestick Park,2008,8
44,Candlestick Park,2009,8
44,Candlestick Park,2010,7
44,Candlestick Park,2011,10
44,Candlestick Park,2012,9
44,Candlestick Park,2013,10
169,Canvas Stadium,2011,6
169,Canvas Stadium,2012,7
169,Canvas Stadium,2013,7
169,Canvas Stadium,2014,6
169,Canvas Stadium,2015,6
169,Canvas Stadium,2016,6
169,Canvas Stadium,2017,6
169,Canvas Stadium,2018,6
169,Canvas Stadium,2019,6
169,Canvas Stadium,2020,1
169,Canvas Stadium,2021,6
169,Canvas Stadium,2022,6
169,Canvas Stadium,2023,6
97,Cardinal Stadium,2011,6
97,Cardinal Stadium,2012,8
97,Cardinal Stadium,2013,8
97,Cardinal Stadium,2014,6
97,Cardinal Stadium,2015,6
97,Cardinal Stadium,2016,6
97,Cardinal Stadium,2017,6
97,Cardinal Stadium,2018,7
97,Cardinal Stadium,2019,6
97,Cardinal Stadium,2020,6
97,Cardinal Stadium,2021,7
97,Cardinal Stadium,2022,6
97,Cardinal Stadium,2023,7
180,Carter-Finley Stadium,2011,8
180,Carter-Finley Stadium,2012,6
180,Carter-Finley Stadium,2013,8
180,Carter-Finley Stadium,2014,7
180,Carter-Finley Stadium,2015,6
180,Carter-Finley Stadium,2016,7
180,Carter-Finley Stadium,2017,6
180,Carter-Finley Stadium,2018,8
180,Carter-Finley Stadium,2019,7
180,Carter-Finley Stadium,2020,6
180,Carter-Finley Stadium,2021,7
180,Carter-Finley Stadium,2022,7
180,Carter-Finley Stadium,2023,7
357,Cashman Field,2023,5
101,CEFCU Stadium,2011,5
101,CEFCU Stadium,2012,7
101,CEFCU Stadium,2013,6
101,CEFCU Stadium,2014,5
101,CEFCU Stadium,2015,6
101,CEFCU Stadium,2016,6
101,CEFCU Stadium,2017,6
101,CEFCU Stadium,2018,5
101,CEFCU Stadium,2019,6
101,CEFCU Stadium,2020,3
101,CEFCU Stadium,2021,6
101,CEFCU Stadium,2022,6
101,CEFCU Stadium,2023,6
102,Centennial Bank Stadium,2011,6
102,Centennial Bank Stadium,2012,7
102,Centennial Bank Stadium,2013,7
102,Centennial Bank Stadium,2014,6
102,Centennial Bank Stadium,2015,6
102,Centennial Bank Stadium,2016,6
102,Centennial Bank Stadium,2017,6
102,Centennial Bank Stadium,2018,6
102,Centennial Bank Stadium,2019,6
102,Centennial Bank Stadium,2020,5
102,Centennial Bank Stadium,2021,6
102,Centennial Bank Stadium,2022,6
102,Centennial Bank Stadium,2023,6
58,Center Parc Stadium,2012,1
58,Center Parc Stadium,2013,7
58,Center Parc Stadium,2014,6
58,Center Parc Stadium,2015,6
58,Center Parc Stadium,2016,6
58,Center Parc Stadium,2017,5
58,Center Parc Stadium,2018,6
58,Center Parc Stadium,2019,6
58,Center Parc Stadium,2020,5
58,Center Parc Stadium,2021,6
58,Center Parc Stadium,2022,7
58,Center Parc Stadium,2023,7
187,Chase Field,2015,1
187,Chase Field,2016,1
187,Chase Field,2017,1
187,Chase Field,2018,1
187,Chase Field,2019,1
187,Chase Field,2021,1
187,Chase Field,2022,1
187,Chase Field,2023,1
344,Choctaw Stadium,2023,5
344,Choctaw Stadium,2024,10
260,Christy Mathewson Memorial Stadium,2022,5
260,Christy Mathewson Memorial Stadium,2023,5
242,Clarence T.C. Ching Athletics Complex,2021,6
242,Clarence T.C. Ching Athletics Complex,2022,8
242,Clarence T.C. Ching Athletics Complex,2023,8
13,Cleveland Browns Stadium,2005,8
13,Cleveland Browns Stadium,2006,8
13,Cleveland Browns Stadium,2007,8
13,Cleveland Browns Stadium,2008,8
13,Cleveland Browns Stadium,2009,8
13,Cleveland Browns Stadium,2010,8
13,Cleveland Browns Stadium,2011,8
13,Cleveland Browns Stadium,2012,8
13,Cleveland Browns Stadium,2013,10
13,Cleveland Browns Stadium,2014,10
13,Cleveland Browns Stadium,2015,10
13,Cleveland Browns Stadium,2016,10
13,Cleveland Browns Stadium,2017,9
13,Cleveland Browns Stadium,2018,10
13,Cleveland Browns Stadium,2019,10
13,Cleveland Browns Stadium,2020,8
13,Cleveland Browns Stadium,2021,10
13,Cleveland Browns Stadium,2022,10
13,Cleveland Browns Stadium,2023,10
278,Coffey Field,2022,5
278,Coffey Field,2023,5
352,Commonwealth Stadium,2022,10
352,Commonwealth Stadium,2023,20
280,Cooper Field,2022,6
280,Cooper Field,2023,6
186,Cotton Bowl Stadium,2004,1
186,Cotton Bowl Stadium,2005,1
186,Cotton Bowl Stadium,2014,2
186,Cotton Bowl Stadium,2015,2
186,Cotton Bowl Stadium,2016,3
186,Cotton Bowl Stadium,2017,2
186,Cotton Bowl Stadium,2018,2
186,Cotton Bowl Stadium,2019,1
186,Cotton Bowl Stadium,2020,1
186,Cotton Bowl Stadium,2021,1
186,Cotton Bowl Stadium,2022,3
186,Cotton Bowl Stadium,2023,2
231,Cowboy Stadium (McNeese State),2019,1
231,Cowboy Stadium (McNeese State),2022,5
231,Cowboy Stadium (McNeese State),2023,5
183,Cramton Bowl,2014,1
183,Cramton Bowl,2015,1
183,Cramton Bowl,2016,1
183,Cramton Bowl,2017,1
183,Cramton Bowl,2018,1
183,Cramton Bowl,2019,1
183,Cramton Bowl,2020,3
183,Cramton Bowl,2021,2
183,Cramton Bowl,2022,2
183,Cramton Bowl,2023,2
193,Croke Park,2014,1
316,DakotaDome,2022,5
316,DakotaDome,2023,8
317,Dana J. Dykhouse Stadium,2022,9
317,Dana J. Dykhouse Stadium,2023,9
103,Darrell K Royal–Texas Memorial Stadium,2004,6
103,Darrell K Royal–Texas Memorial Stadium,2005,5
103,Darrell K Royal–Texas Memorial Stadium,2011,7
103,Darrell K Royal–Texas Memorial Stadium,2012,7
103,Darrell K Royal–Texas Memorial Stadium,2013,7
103,Darrell K Royal–Texas Memorial Stadium,2014,6
103,Darrell K Royal–Texas Memorial Stadium,2015,6
103,Darrell K Royal–Texas Memorial Stadium,2016,6
103,Darrell K Royal–Texas Memorial Stadium,2017,6
103,Darrell K Royal–Texas Memorial Stadium,2018,6
103,Darrell K Royal–Texas Memorial Stadium,2019,6
103,Darrell K Royal–Texas Memorial Stadium,2020,5
103,Darrell K Royal–Texas Memorial Stadium,2021,6
103,Darrell K Royal–Texas Memorial Stadium,2022,7
103,Darrell K Royal–Texas Memorial Stadium,2023,6
104,David Booth Kansas Memorial Stadium,2004,1
104,David Booth Kansas Memorial Stadium,2011,6
104,David Booth Kansas Memorial Stadium,2012,6
104,David Booth Kansas Memorial Stadium,2013,7
104,David Booth Kansas Memorial Stadium,2014,6
104,David Booth Kansas Memorial Stadium,2015,7
104,David Booth Kansas Memorial Stadium,2016,6
104,David Booth Kansas Memorial Stadium,2017,7
104,David Booth Kansas Memorial Stadium,2018,6
104,David Booth Kansas Memorial Stadium,2019,7
104,David Booth Kansas Memorial Stadium,2020,4
104,David Booth Kansas Memorial Stadium,2021,6
104,David Booth Kansas Memorial Stadium,2022,6
104,David Booth Kansas Memorial Stadium,2023,7
105,Davis Wade Stadium at Scott Field,2011,7
105,Davis Wade Stadium at Scott Field,2012,7
105,Davis Wade Stadium at Scott Field,2013,8
105,Davis Wade Stadium at Scott Field,2014,7
105,Davis Wade Stadium at Scott Field,2015,7
105,Davis Wade Stadium at Scott Field,2016,6
105,Davis Wade Stadium at Scott Field,2017,7
105,Davis Wade Stadium at Scott Field,2018,7
105,Davis Wade Stadium at Scott Field,2019,7
105,Davis Wade Stadium at Scott Field,2020,5
105,Davis Wade Stadium at Scott Field,2021,7
105,Davis Wade Stadium at Scott Field,2022,7
105,Davis Wade Stadium at Scott Field,2023,8
259,Daytona Stadium,2022,3
259,Daytona Stadium,2023,4
321,DeGol Field,2022,3
321,DeGol Field,2023,4
268,Delaware Stadium,2022,7
268,Delaware Stadium,2023,7
360,Deutsche Bank Park,2023,2
49,Dignity Health Sports Park,2015,1
49,Dignity Health Sports Park,2016,1
49,Dignity Health Sports Park,2017,10
49,Dignity Health Sports Park,2018,9
49,Dignity Health Sports Park,2019,9
49,Dignity Health Sports Park,2020,9
49,Dignity Health Sports Park,2021,8
106,Dix Stadium,2011,6
106,Dix Stadium,2012,5
106,Dix Stadium,2013,5
106,Dix Stadium,2014,6
106,Dix Stadium,2015,6
106,Dix Stadium,2016,6
106,Dix Stadium,2017,5
106,Dix Stadium,2018,5
106,Dix Stadium,2019,5
106,Dix Stadium,2020,2
106,Dix Stadium,2021,5
106,Dix Stadium,2022,5
106,Dix Stadium,2023,5
107,Donald W. Reynolds Razorback Stadium,2004,1
107,Donald W. Reynolds Razorback Stadium,2011,9
107,Donald W. Reynolds Razorback Stadium,2012,8
107,Donald W. Reynolds Razorback Stadium,2013,7
107,Donald W. Reynolds Razorback Stadium,2014,6
107,Donald W. Reynolds Razorback Stadium,2015,6
107,Donald W. Reynolds Razorback Stadium,2016,7
107,Donald W. Reynolds Razorback Stadium,2017,7
107,Donald W. Reynolds Razorback Stadium,2018,7
107,Donald W. Reynolds Razorback Stadium,2019,7
107,Donald W. Reynolds Razorback Stadium,2020,5
107,Donald W. Reynolds Razorback Stadium,2021,6
107,Donald W. Reynolds Razorback Stadium,2022,7
107,Donald W. Reynolds Razorback Stadium,2023,6
108,Doyt L. Perry Stadium,2011,6
108,Doyt L. Perry Stadium,2012,6
108,Doyt L. Perry Stadium,2013,8
108,Doyt L. Perry Stadium,2014,6
108,Doyt L. Perry Stadium,2015,5
108,Doyt L. Perry Stadium,2016,6
108,Doyt L. Perry Stadium,2017,5
108,Doyt L. Perry Stadium,2018,6
108,Doyt L. Perry Stadium,2019,6
108,Doyt L. Perry Stadium,2020,2
108,Doyt L. Perry Stadium,2021,6
108,Doyt L. Perry Stadium,2022,6
108,Doyt L. Perry Stadium,2023,5
271,Drake Stadium,2022,5
271,Drake Stadium,2023,5
294,Duane Stadium,2022,6
294,Duane Stadium,2023,4
320,Eccles Coliseum,2022,5
320,Eccles Coliseum,2023,5
311,E. Claiborne Robins Stadium,2022,6
311,E. Claiborne Robins Stadium,2023,7
233,Eddie G. Robinson Memorial Stadium,2019,1
233,Eddie G. Robinson Memorial Stadium,2022,3
233,Eddie G. Robinson Memorial Stadium,2023,4
336,E.J. Whitmire Stadium,2022,5
336,E.J. Whitmire Stadium,2023,5
237,Elliot T. Bowers Stadium,2019,1
237,Elliot T. Bowers Stadium,2022,4
237,Elliot T. Bowers Stadium,2023,5
16,Empower Field at Mile High,2005,10
16,Empower Field at Mile High,2006,8
16,Empower Field at Mile High,2007,8
16,Empower Field at Mile High,2008,8
16,Empower Field at Mile High,2009,8
16,Empower Field at Mile High,2010,8
16,Empower Field at Mile High,2011,9
16,Empower Field at Mile High,2012,9
16,Empower Field at Mile High,2013,12
16,Empower Field at Mile High,2014,12
16,Empower Field at Mile High,2015,13
16,Empower Field at Mile High,2016,11
16,Empower Field at Mile High,2017,10
16,Empower Field at Mile High,2018,9
16,Empower Field at Mile High,2019,11
16,Empower Field at Mile High,2020,8
16,Empower Field at Mile High,2021,11
16,Empower Field at Mile High,2022,10
16,Empower Field at Mile High,2023,11
330,Ernest Hawkins Field at Memorial Stadium,2022,7
330,Ernest Hawkins Field at Memorial Stadium,2023,4
215,Ernest W. Spangler Stadium,2019,1
215,Ernest W. Spangler Stadium,2022,4
215,Ernest W. Spangler Stadium,2023,5
27,Estadio Azteca,2005,1
27,Estadio Azteca,2016,1
27,Estadio Azteca,2017,1
27,Estadio Azteca,2019,1
27,Estadio Azteca,2022,1
204,Estes Stadium,2019,5
204,Estes Stadium,2022,5
204,Estes Stadium,2023,6
198,Exploria Stadium,2019,1
198,Exploria Stadium,2021,1
198,Exploria Stadium,2022,1
110,Falcon Stadium,2006,1
110,Falcon Stadium,2011,7
110,Falcon Stadium,2012,6
110,Falcon Stadium,2013,7
110,Falcon Stadium,2014,6
110,Falcon Stadium,2015,6
110,Falcon Stadium,2016,6
110,Falcon Stadium,2017,6
110,Falcon Stadium,2018,6
110,Falcon Stadium,2019,6
110,Falcon Stadium,2020,3
110,Falcon Stadium,2021,6
110,Falcon Stadium,2022,7
110,Falcon Stadium,2023,5
240,Fargodome,2020,1
240,Fargodome,2022,9
240,Fargodome,2023,7
112,Faurot Field at Memorial Stadium,2005,1
112,Faurot Field at Memorial Stadium,2011,8
112,Faurot Field at Memorial Stadium,2012,7
112,Faurot Field at Memorial Stadium,2013,8
112,Faurot Field at Memorial Stadium,2014,7
112,Faurot Field at Memorial Stadium,2015,6
112,Faurot Field at Memorial Stadium,2016,7
112,Faurot Field at Memorial Stadium,2017,7
112,Faurot Field at Memorial Stadium,2018,7
112,Faurot Field at Memorial Stadium,2019,7
112,Faurot Field at Memorial Stadium,2020,6
112,Faurot Field at Memorial Stadium,2021,7
112,Faurot Field at Memorial Stadium,2022,8
112,Faurot Field at Memorial Stadium,2023,7
111,FAU Stadium,2011,5
111,FAU Stadium,2012,5
111,FAU Stadium,2013,5
111,FAU Stadium,2014,6
111,FAU Stadium,2015,7
111,FAU Stadium,2016,7
111,FAU Stadium,2017,8
111,FAU Stadium,2018,7
111,FAU Stadium,2019,8
111,FAU Stadium,2020,5
111,FAU Stadium,2021,7
111,FAU Stadium,2022,8
111,FAU Stadium,2023,7
61,FBC Mortgage Stadium,2011,6
61,FBC Mortgage Stadium,2012,7
61,FBC Mortgage Stadium,2013,7
61,FBC Mortgage Stadium,2014,6
61,FBC Mortgage Stadium,2015,6
61,FBC Mortgage Stadium,2016,6
61,FBC Mortgage Stadium,2017,10
61,FBC Mortgage Stadium,2018,8
61,FBC Mortgage Stadium,2019,6
61,FBC Mortgage Stadium,2020,4
61,FBC Mortgage Stadium,2021,8
61,FBC Mortgage Stadium,2022,8
61,FBC Mortgage Stadium,2023,8
48,FedEx Field,2005,8
48,FedEx Field,2006,8
48,FedEx Field,2007,8
48,FedEx Field,2008,8
48,FedEx Field,2009,8
48,FedEx Field,2010,8
48,FedEx Field,2011,8
48,FedEx Field,2012,9
48,FedEx Field,2013,10
48,FedEx Field,2014,11
48,FedEx Field,2015,11
48,FedEx Field,2016,11
48,FedEx Field,2017,11
48,FedEx Field,2018,11
48,FedEx Field,2019,10
48,FedEx Field,2020,9
48,FedEx Field,2021,10
48,FedEx Field,2022,10
48,FedEx Field,2023,10
192,Fenway Park,2015,1
192,Fenway Park,2017,2
192,Fenway Park,2022,1
192,Fenway Park,2023,1
286,Fifth Third Bank Stadium,2022,6
286,Fifth Third Bank Stadium,2023,5
342,Finley Stadium,2022,5
342,Finley Stadium,2023,5
175,FirstBank Stadium,2011,7
175,FirstBank Stadium,2012,7
175,FirstBank Stadium,2013,8
175,FirstBank Stadium,2014,6
175,FirstBank Stadium,2015,6
175,FirstBank Stadium,2016,6
175,FirstBank Stadium,2017,7
175,FirstBank Stadium,2018,8
175,FirstBank Stadium,2019,7
175,FirstBank Stadium,2020,5
175,FirstBank Stadium,2021,7
175,FirstBank Stadium,2022,6
175,FirstBank Stadium,2023,6
287,Fisher Stadium,2022,6
287,Fisher Stadium,2023,5
239,Fitton Field,2019,1
239,Fitton Field,2022,5
239,Fitton Field,2023,4
293,Five Star Stadium,2022,5
293,Five Star Stadium,2023,6
127,Floyd Stadium,2011,6
127,Floyd Stadium,2012,5
127,Floyd Stadium,2013,6
127,Floyd Stadium,2014,6
127,Floyd Stadium,2015,6
127,Floyd Stadium,2016,5
127,Floyd Stadium,2017,6
127,Floyd Stadium,2018,6
127,Floyd Stadium,2019,6
127,Floyd Stadium,2020,3
127,Floyd Stadium,2021,5
127,Floyd Stadium,2022,5
127,Floyd Stadium,2023,6
113,Folsom Field,2004,1
113,Folsom Field,2011,6
113,Folsom Field,2012,6
113,Folsom Field,2013,8
113,Folsom Field,2014,6
113,Folsom Field,2015,6
113,Folsom Field,2016,6
113,Folsom Field,2017,7
113,Folsom Field,2018,6
113,Folsom Field,2019,6
113,Folsom Field,2020,3
113,Folsom Field,2021,6
113,Folsom Field,2022,5
113,Folsom Field,2023,6
18,Ford Field,2005,9
18,Ford Field,2006,8
18,Ford Field,2007,8
18,Ford Field,2008,8
18,Ford Field,2009,8
18,Ford Field,2010,9
18,Ford Field,2011,8
18,Ford Field,2012,8
18,Ford Field,2013,10
18,Ford Field,2014,13
18,Ford Field,2015,12
18,Ford Field,2016,12
18,Ford Field,2017,12
18,Ford Field,2018,12
18,Ford Field,2019,12
18,Ford Field,2020,9
18,Ford Field,2021,12
18,Ford Field,2022,13
18,Ford Field,2023,24
18,Ford Field,2024,10
203,Fortera Stadium,2019,2
203,Fortera Stadium,2022,5
203,Fortera Stadium,2023,6
114,Frank Howard Field at Clemson Memorial Stadium,2011,8
114,Frank Howard Field at Clemson Memorial Stadium,2012,9
114,Frank Howard Field at Clemson Memorial Stadium,2013,8
114,Frank Howard Field at Clemson Memorial Stadium,2014,7
114,Frank Howard Field at Clemson Memorial Stadium,2015,7
114,Frank Howard Field at Clemson Memorial Stadium,2016,7
114,Frank Howard Field at Clemson Memorial Stadium,2017,7
114,Frank Howard Field at Clemson Memorial Stadium,2018,7
114,Frank Howard Field at Clemson Memorial Stadium,2019,7
114,Frank Howard Field at Clemson Memorial Stadium,2020,6
114,Frank Howard Field at Clemson Memorial Stadium,2021,6
114,Frank Howard Field at Clemson Memorial Stadium,2022,6
114,Frank Howard Field at Clemson Memorial Stadium,2023,7
228,Franklin Field,2019,1
228,Franklin Field,2022,5
228,Franklin Field,2023,5
115,Fred C. Yager Stadium,2011,6
115,Fred C. Yager Stadium,2012,5
115,Fred C. Yager Stadium,2013,5
115,Fred C. Yager Stadium,2014,6
115,Fred C. Yager Stadium,2015,6
115,Fred C. Yager Stadium,2016,6
115,Fred C. Yager Stadium,2017,6
115,Fred C. Yager Stadium,2018,5
115,Fred C. Yager Stadium,2019,5
115,Fred C. Yager Stadium,2020,1
115,Fred C. Yager Stadium,2021,5
115,Fred C. Yager Stadium,2022,5
115,Fred C. Yager Stadium,2023,5
208,Gayle and Tom Benson Stadium,2019,2
208,Gayle and Tom Benson Stadium,2022,6
208,Gayle and Tom Benson Stadium,2023,5
116,Gaylord Family – Oklahoma Memorial Stadium,2011,8
116,Gaylord Family – Oklahoma Memorial Stadium,2012,7
116,Gaylord Family – Oklahoma Memorial Stadium,2013,7
116,Gaylord Family – Oklahoma Memorial Stadium,2014,6
116,Gaylord Family – Oklahoma Memorial Stadium,2015,6
116,Gaylord Family – Oklahoma Memorial Stadium,2016,6
116,Gaylord Family – Oklahoma Memorial Stadium,2017,6
116,Gaylord Family – Oklahoma Memorial Stadium,2018,7
116,Gaylord Family – Oklahoma Memorial Stadium,2019,6
116,Gaylord Family – Oklahoma Memorial Stadium,2020,5
116,Gaylord Family – Oklahoma Memorial Stadium,2021,7
116,Gaylord Family – Oklahoma Memorial Stadium,2022,6
116,Gaylord Family – Oklahoma Memorial Stadium,2023,6
2,Georgia Dome,2005,8
2,Georgia Dome,2006,8
2,Georgia Dome,2007,8
2,Georgia Dome,2008,8
2,Georgia Dome,2009,8
2,Georgia Dome,2010,9
2,Georgia Dome,2011,8
2,Georgia Dome,2012,10
2,Georgia Dome,2013,10
2,Georgia Dome,2014,13
2,Georgia Dome,2015,13
2,Georgia Dome,2016,15
117,Gerald J. Ford Stadium,2011,7
117,Gerald J. Ford Stadium,2012,8
117,Gerald J. Ford Stadium,2013,6
117,Gerald J. Ford Stadium,2014,6
117,Gerald J. Ford Stadium,2015,7
117,Gerald J. Ford Stadium,2016,6
117,Gerald J. Ford Stadium,2017,7
117,Gerald J. Ford Stadium,2018,6
117,Gerald J. Ford Stadium,2019,7
117,Gerald J. Ford Stadium,2020,5
117,Gerald J. Ford Stadium,2021,7
117,Gerald J. Ford Stadium,2022,7
117,Gerald J. Ford Stadium,2023,7
35,Giants Stadium,2005,18
35,Giants Stadium,2006,16
35,Giants Stadium,2007,16
35,Giants Stadium,2008,17
35,Giants Stadium,2009,16
338,Gibbs Stadium,2022,5
338,Gibbs Stadium,2023,5
30,Gillette Stadium,2005,9
30,Gillette Stadium,2006,9
30,Gillette Stadium,2007,10
30,Gillette Stadium,2008,8
30,Gillette Stadium,2009,9
30,Gillette Stadium,2010,9
30,Gillette Stadium,2011,10
30,Gillette Stadium,2012,10
30,Gillette Stadium,2013,11
30,Gillette Stadium,2014,15
30,Gillette Stadium,2015,11
30,Gillette Stadium,2016,12
30,Gillette Stadium,2017,12
30,Gillette Stadium,2018,11
30,Gillette Stadium,2019,11
30,Gillette Stadium,2020,8
30,Gillette Stadium,2021,10
30,Gillette Stadium,2022,10
30,Gillette Stadium,2023,10
118,Glass Bowl,2011,7
118,Glass Bowl,2012,6
118,Glass Bowl,2013,6
118,Glass Bowl,2014,6
118,Glass Bowl,2015,6
118,Glass Bowl,2016,6
118,Glass Bowl,2017,6
118,Glass Bowl,2018,7
118,Glass Bowl,2019,6
118,Glass Bowl,2020,3
118,Glass Bowl,2021,6
118,Glass Bowl,2022,6
118,Glass Bowl,2023,6
199,Globe Life Park,2020,5
199,Globe Life Park,2022,2
288,Goodman Stadium,2022,5
288,Goodman Stadium,2023,5
270,Greater Zion Stadium,2022,5
270,Greater Zion Stadium,2023,4
197,Guaranteed Rate Field,2016,1
168,H.A. Chapman Stadium,2011,6
168,H.A. Chapman Stadium,2012,8
168,H.A. Chapman Stadium,2013,6
168,H.A. Chapman Stadium,2014,6
168,H.A. Chapman Stadium,2015,6
168,H.A. Chapman Stadium,2016,6
168,H.A. Chapman Stadium,2017,6
168,H.A. Chapman Stadium,2018,6
168,H.A. Chapman Stadium,2019,6
168,H.A. Chapman Stadium,2020,3
168,H.A. Chapman Stadium,2021,6
168,H.A. Chapman Stadium,2022,6
168,H.A. Chapman Stadium,2023,6
327,Hale Stadium,2022,1
284,Hancock Stadium,2022,6
284,Hancock Stadium,2023,6
201,Hancock Whitney Stadium,2020,9
201,Hancock Whitney Stadium,2021,10
201,Hancock Whitney Stadium,2022,8
201,Hancock Whitney Stadium,2023,8
337,Hanson Field,2022,5
337,Hanson Field,2023,5
28,Hard Rock Stadium,1998,1
28,Hard Rock Stadium,2005,8
28,Hard Rock Stadium,2006,9
28,Hard Rock Stadium,2007,7
28,Hard Rock Stadium,2008,9
28,Hard Rock Stadium,2009,9
28,Hard Rock Stadium,2010,8
28,Hard Rock Stadium,2011,15
28,Hard Rock Stadium,2012,14
28,Hard Rock Stadium,2013,17
28,Hard Rock Stadium,2014,18
28,Hard Rock Stadium,2015,16
28,Hard Rock Stadium,2016,16
28,Hard Rock Stadium,2017,17
28,Hard Rock Stadium,2018,17
28,Hard Rock Stadium,2019,18
28,Hard Rock Stadium,2020,15
28,Hard Rock Stadium,2021,18
28,Hard Rock Stadium,2022,19
28,Hard Rock Stadium,2023,19
329,Hardy M. Graham Stadium,2022,5
329,Hardy M. Graham Stadium,2023,5
289,Harlen C. Hunter Stadium,2022,5
289,Harlen C. Hunter Stadium,2023,5
206,Harry Turpin Stadium,2019,1
206,Harry Turpin Stadium,2022,4
206,Harry Turpin Stadium,2023,5
225,Harvard Stadium,2019,5
225,Harvard Stadium,2022,5
225,Harvard Stadium,2023,7
7,Highmark Stadium,2005,8
7,Highmark Stadium,2006,8
7,Highmark Stadium,2007,8
7,Highmark Stadium,2008,7
7,Highmark Stadium,2009,7
7,Highmark Stadium,2010,7
7,Highmark Stadium,2011,7
7,Highmark Stadium,2012,7
7,Highmark Stadium,2013,9
7,Highmark Stadium,2014,9
7,Highmark Stadium,2015,10
7,Highmark Stadium,2016,10
7,Highmark Stadium,2017,10
7,Highmark Stadium,2018,10
7,Highmark Stadium,2019,10
7,Highmark Stadium,2020,10
7,Highmark Stadium,2021,11
7,Highmark Stadium,2022,11
7,Highmark Stadium,2023,11
307,Hillsboro Stadium,2022,5
307,Hillsboro Stadium,2023,5
283,Holt Arena,2022,5
283,Holt Arena,2023,5
236,Homer Bryce Stadium,2019,1
236,Homer Bryce Stadium,2022,5
236,Homer Bryce Stadium,2023,5
313,Hornet Stadium (Sacramento CA),2022,7
313,Hornet Stadium (Sacramento CA),2023,5
120,Houchens Industries–L.T. Smith Stadium,2011,6
120,Houchens Industries–L.T. Smith Stadium,2012,6
120,Houchens Industries–L.T. Smith Stadium,2013,6
120,Houchens Industries–L.T. Smith Stadium,2014,6
120,Houchens Industries–L.T. Smith Stadium,2015,6
120,Houchens Industries–L.T. Smith Stadium,2016,7
120,Houchens Industries–L.T. Smith Stadium,2017,6
120,Houchens Industries–L.T. Smith Stadium,2018,5
120,Houchens Industries–L.T. Smith Stadium,2019,6
120,Houchens Industries–L.T. Smith Stadium,2020,5
120,Houchens Industries–L.T. Smith Stadium,2021,6
120,Houchens Industries–L.T. Smith Stadium,2022,6
120,Houchens Industries–L.T. Smith Stadium,2023,6
318,Houck Stadium,2022,5
318,Houck Stadium,2023,4
29,Hubert H. Humphrey Metrodome,2005,8
29,Hubert H. Humphrey Metrodome,2006,8
29,Hubert H. Humphrey Metrodome,2007,8
29,Hubert H. Humphrey Metrodome,2008,9
29,Hubert H. Humphrey Metrodome,2009,9
29,Hubert H. Humphrey Metrodome,2010,6
29,Hubert H. Humphrey Metrodome,2011,8
29,Hubert H. Humphrey Metrodome,2012,8
29,Hubert H. Humphrey Metrodome,2013,9
217,Hughes Stadium,2019,2
217,Hughes Stadium,2022,5
217,Hughes Stadium,2023,5
55,Huntington Bank Stadium,2010,1
55,Huntington Bank Stadium,2011,7
55,Huntington Bank Stadium,2012,7
55,Huntington Bank Stadium,2013,7
55,Huntington Bank Stadium,2014,17
55,Huntington Bank Stadium,2015,18
55,Huntington Bank Stadium,2016,7
55,Huntington Bank Stadium,2017,7
55,Huntington Bank Stadium,2018,7
55,Huntington Bank Stadium,2019,7
55,Huntington Bank Stadium,2020,3
55,Huntington Bank Stadium,2021,7
55,Huntington Bank Stadium,2022,7
55,Huntington Bank Stadium,2023,7
364,Huskies Stadium,2023,1
282,Husky Stadium (Houston Baptist),2022,5
282,Husky Stadium (Houston Baptist),2023,5
67,IG Field,2019,1
67,IG Field,2022,11
67,IG Field,2023,11
188,Independence Stadium,2014,1
188,Independence Stadium,2015,1
188,Independence Stadium,2016,1
188,Independence Stadium,2017,1
188,Independence Stadium,2018,1
188,Independence Stadium,2019,1
188,Independence Stadium,2021,1
188,Independence Stadium,2022,2
188,Independence Stadium,2023,1
121,InfoCision Stadium–Summa Field,2011,6
121,InfoCision Stadium–Summa Field,2012,6
121,InfoCision Stadium–Summa Field,2013,7
121,InfoCision Stadium–Summa Field,2014,6
121,InfoCision Stadium–Summa Field,2015,6
121,InfoCision Stadium–Summa Field,2016,6
121,InfoCision Stadium–Summa Field,2017,6
121,InfoCision Stadium–Summa Field,2018,5
121,InfoCision Stadium–Summa Field,2019,6
121,InfoCision Stadium–Summa Field,2020,3
121,InfoCision Stadium–Summa Field,2021,6
121,InfoCision Stadium–Summa Field,2022,5
121,InfoCision Stadium–Summa Field,2023,5
230,Jack Spinks Memorial Stadium,2019,7
230,Jack Spinks Memorial Stadium,2022,5
122,Jack Trice Stadium,2011,6
122,Jack Trice Stadium,2012,7
122,Jack Trice Stadium,2013,6
122,Jack Trice Stadium,2014,7
122,Jack Trice Stadium,2015,6
122,Jack Trice Stadium,2016,7
122,Jack Trice Stadium,2017,6
122,Jack Trice Stadium,2018,7
122,Jack Trice Stadium,2019,7
122,Jack Trice Stadium,2020,6
122,Jack Trice Stadium,2021,6
122,Jack Trice Stadium,2022,7
122,Jack Trice Stadium,2023,6
300,Jayne Stadium,2022,5
300,Jayne Stadium,2023,5
143,Jerry Richardson Stadium,2015,6
143,Jerry Richardson Stadium,2016,6
143,Jerry Richardson Stadium,2017,6
143,Jerry Richardson Stadium,2018,6
143,Jerry Richardson Stadium,2019,6
143,Jerry Richardson Stadium,2020,2
143,Jerry Richardson Stadium,2021,6
143,Jerry Richardson Stadium,2022,6
143,Jerry Richardson Stadium,2023,7
100,JMA Wireless Dome,2011,7
100,JMA Wireless Dome,2012,7
100,JMA Wireless Dome,2013,7
100,JMA Wireless Dome,2014,6
100,JMA Wireless Dome,2015,7
100,JMA Wireless Dome,2016,6
100,JMA Wireless Dome,2017,7
100,JMA Wireless Dome,2018,6
100,JMA Wireless Dome,2019,6
100,JMA Wireless Dome,2020,6
100,JMA Wireless Dome,2021,7
100,JMA Wireless Dome,2022,7
100,JMA Wireless Dome,2023,6
124,Joan C. Edwards Stadium,2011,6
124,Joan C. Edwards Stadium,2012,6
124,Joan C. Edwards Stadium,2013,7
124,Joan C. Edwards Stadium,2014,7
124,Joan C. Edwards Stadium,2015,6
124,Joan C. Edwards Stadium,2016,7
124,Joan C. Edwards Stadium,2017,6
124,Joan C. Edwards Stadium,2018,6
124,Joan C. Edwards Stadium,2019,7
124,Joan C. Edwards Stadium,2020,7
124,Joan C. Edwards Stadium,2021,6
124,Joan C. Edwards Stadium,2022,6
124,Joan C. Edwards Stadium,2023,6
125,Joe Aillet Stadium,2011,5
125,Joe Aillet Stadium,2012,6
125,Joe Aillet Stadium,2013,5
125,Joe Aillet Stadium,2014,5
125,Joe Aillet Stadium,2015,6
125,Joe Aillet Stadium,2016,5
125,Joe Aillet Stadium,2017,7
125,Joe Aillet Stadium,2018,5
125,Joe Aillet Stadium,2019,6
125,Joe Aillet Stadium,2020,4
125,Joe Aillet Stadium,2021,6
125,Joe Aillet Stadium,2022,5
125,Joe Aillet Stadium,2023,6
312,Joe Walton Stadium,2022,5
312,Joe Walton Stadium,2023,6
211,Johnny Unitas Stadium,2019,2
211,Johnny Unitas Stadium,2022,5
211,Johnny Unitas Stadium,2023,5
126,John O Quinn Field at TDECU Stadium,2011,8
126,John O Quinn Field at TDECU Stadium,2012,8
126,John O Quinn Field at TDECU Stadium,2013,5
126,John O Quinn Field at TDECU Stadium,2014,8
126,John O Quinn Field at TDECU Stadium,2015,8
126,John O Quinn Field at TDECU Stadium,2016,6
126,John O Quinn Field at TDECU Stadium,2017,6
126,John O Quinn Field at TDECU Stadium,2018,6
126,John O Quinn Field at TDECU Stadium,2019,5
126,John O Quinn Field at TDECU Stadium,2020,9
126,John O Quinn Field at TDECU Stadium,2021,5
126,John O Quinn Field at TDECU Stadium,2022,5
126,John O Quinn Field at TDECU Stadium,2023,13
264,Johnson Hagood Stadium,2022,5
264,Johnson Hagood Stadium,2023,5
129,Jones AT&T Stadium,2004,1
129,Jones AT&T Stadium,2011,6
129,Jones AT&T Stadium,2012,7
129,Jones AT&T Stadium,2013,7
129,Jones AT&T Stadium,2014,6
129,Jones AT&T Stadium,2015,6
129,Jones AT&T Stadium,2016,6
129,Jones AT&T Stadium,2017,6
129,Jones AT&T Stadium,2018,7
129,Jones AT&T Stadium,2019,6
129,Jones AT&T Stadium,2020,6
129,Jones AT&T Stadium,2021,6
129,Jones AT&T Stadium,2022,7
129,Jones AT&T Stadium,2023,6
155,Jordan–Hare Stadium,2006,1
155,Jordan–Hare Stadium,2011,8
155,Jordan–Hare Stadium,2012,7
155,Jordan–Hare Stadium,2013,9
155,Jordan–Hare Stadium,2014,7
155,Jordan–Hare Stadium,2015,7
155,Jordan–Hare Stadium,2016,8
155,Jordan–Hare Stadium,2017,7
155,Jordan–Hare Stadium,2018,7
155,Jordan–Hare Stadium,2019,7
155,Jordan–Hare Stadium,2020,5
155,Jordan–Hare Stadium,2021,7
155,Jordan–Hare Stadium,2022,8
155,Jordan–Hare Stadium,2023,7
130,JPS Field at Malone Stadium,2011,5
130,JPS Field at Malone Stadium,2012,5
130,JPS Field at Malone Stadium,2013,5
130,JPS Field at Malone Stadium,2014,5
130,JPS Field at Malone Stadium,2015,5
130,JPS Field at Malone Stadium,2016,5
130,JPS Field at Malone Stadium,2017,5
130,JPS Field at Malone Stadium,2018,5
130,JPS Field at Malone Stadium,2019,6
130,JPS Field at Malone Stadium,2020,5
130,JPS Field at Malone Stadium,2021,6
130,JPS Field at Malone Stadium,2022,5
130,JPS Field at Malone Stadium,2023,6
250,JSU Stadium,2022,4
250,JSU Stadium,2023,6
131,Kelly/Shorts Stadium,2011,5
131,Kelly/Shorts Stadium,2012,8
131,Kelly/Shorts Stadium,2013,5
131,Kelly/Shorts Stadium,2014,6
131,Kelly/Shorts Stadium,2015,6
131,Kelly/Shorts Stadium,2016,6
131,Kelly/Shorts Stadium,2017,5
131,Kelly/Shorts Stadium,2018,6
131,Kelly/Shorts Stadium,2019,6
131,Kelly/Shorts Stadium,2020,3
131,Kelly/Shorts Stadium,2021,6
131,Kelly/Shorts Stadium,2022,6
131,Kelly/Shorts Stadium,2023,5
132,Kenan Memorial Stadium,2011,7
132,Kenan Memorial Stadium,2012,7
132,Kenan Memorial Stadium,2013,8
132,Kenan Memorial Stadium,2014,6
132,Kenan Memorial Stadium,2015,7
132,Kenan Memorial Stadium,2016,6
132,Kenan Memorial Stadium,2017,7
132,Kenan Memorial Stadium,2018,6
132,Kenan Memorial Stadium,2019,6
132,Kenan Memorial Stadium,2020,6
132,Kenan Memorial Stadium,2021,7
132,Kenan Memorial Stadium,2022,6
132,Kenan Memorial Stadium,2023,7
325,Kenneth P. LaValle Stadium,2022,5
325,Kenneth P. LaValle Stadium,2023,5
297,Kessler Stadium,2022,6
297,Kessler Stadium,2023,5
133,Kidd Brewer Stadium,2014,6
133,Kidd Brewer Stadium,2015,6
133,Kidd Brewer Stadium,2016,6
133,Kidd Brewer Stadium,2017,6
133,Kidd Brewer Stadium,2018,7
133,Kidd Brewer Stadium,2019,7
133,Kidd Brewer Stadium,2020,6
133,Kidd Brewer Stadium,2021,6
133,Kidd Brewer Stadium,2022,7
133,Kidd Brewer Stadium,2023,6
134,Kinnick Stadium,2011,7
134,Kinnick Stadium,2012,7
134,Kinnick Stadium,2013,7
134,Kinnick Stadium,2014,7
134,Kinnick Stadium,2015,7
134,Kinnick Stadium,2016,7
134,Kinnick Stadium,2017,7
134,Kinnick Stadium,2018,7
134,Kinnick Stadium,2019,7
134,Kinnick Stadium,2020,4
134,Kinnick Stadium,2021,7
134,Kinnick Stadium,2022,7
134,Kinnick Stadium,2023,7
135,Kornblau Field at S.B. Ballard Stadium,2014,6
135,Kornblau Field at S.B. Ballard Stadium,2015,7
135,Kornblau Field at S.B. Ballard Stadium,2016,6
135,Kornblau Field at S.B. Ballard Stadium,2017,6
135,Kornblau Field at S.B. Ballard Stadium,2018,6
135,Kornblau Field at S.B. Ballard Stadium,2019,6
135,Kornblau Field at S.B. Ballard Stadium,2021,6
135,Kornblau Field at S.B. Ballard Stadium,2022,6
135,Kornblau Field at S.B. Ballard Stadium,2023,6
136,Kroger Field,2011,8
136,Kroger Field,2012,7
136,Kroger Field,2013,7
136,Kroger Field,2014,7
136,Kroger Field,2015,8
136,Kroger Field,2016,7
136,Kroger Field,2017,7
136,Kroger Field,2018,7
136,Kroger Field,2019,8
136,Kroger Field,2020,5
136,Kroger Field,2021,7
136,Kroger Field,2022,8
136,Kroger Field,2023,7
137,Kyle Field,2005,1
137,Kyle Field,2011,8
137,Kyle Field,2012,7
137,Kyle Field,2013,9
137,Kyle Field,2014,6
137,Kyle Field,2015,7
137,Kyle Field,2016,7
137,Kyle Field,2017,7
137,Kyle Field,2018,7
137,Kyle Field,2019,7
137,Kyle Field,2020,4
137,Kyle Field,2021,7
137,Kyle Field,2022,7
137,Kyle Field,2023,7
138,Ladd–Peebles Stadium,2012,6
138,Ladd–Peebles Stadium,2013,6
138,Ladd–Peebles Stadium,2014,8
138,Ladd–Peebles Stadium,2015,8
138,Ladd–Peebles Stadium,2016,9
138,Ladd–Peebles Stadium,2017,8
138,Ladd–Peebles Stadium,2018,8
138,Ladd–Peebles Stadium,2019,8
138,Ladd–Peebles Stadium,2020,1
138,Ladd–Peebles Stadium,2022,1
138,Ladd–Peebles Stadium,2023,2
20,Lambeau Field,2005,8
20,Lambeau Field,2006,8
20,Lambeau Field,2007,10
20,Lambeau Field,2008,8
20,Lambeau Field,2009,8
20,Lambeau Field,2010,8
20,Lambeau Field,2011,9
20,Lambeau Field,2012,9
20,Lambeau Field,2013,11
20,Lambeau Field,2014,11
20,Lambeau Field,2015,10
20,Lambeau Field,2016,12
20,Lambeau Field,2017,10
20,Lambeau Field,2018,10
20,Lambeau Field,2019,11
20,Lambeau Field,2020,10
20,Lambeau Field,2021,11
20,Lambeau Field,2022,9
20,Lambeau Field,2023,10
139,Lane Stadium,2011,6
139,Lane Stadium,2012,7
139,Lane Stadium,2013,6
139,Lane Stadium,2014,7
139,Lane Stadium,2015,6
139,Lane Stadium,2016,6
139,Lane Stadium,2017,6
139,Lane Stadium,2018,8
139,Lane Stadium,2019,7
139,Lane Stadium,2020,6
139,Lane Stadium,2021,7
139,Lane Stadium,2022,6
139,Lane Stadium,2023,6
140,LaVell Edwards Stadium,2011,8
140,LaVell Edwards Stadium,2012,6
140,LaVell Edwards Stadium,2013,7
140,LaVell Edwards Stadium,2014,6
140,LaVell Edwards Stadium,2015,6
140,LaVell Edwards Stadium,2016,6
140,LaVell Edwards Stadium,2017,6
140,LaVell Edwards Stadium,2018,6
140,LaVell Edwards Stadium,2019,6
140,LaVell Edwards Stadium,2020,7
140,LaVell Edwards Stadium,2021,6
140,LaVell Edwards Stadium,2022,6
140,LaVell Edwards Stadium,2023,6
59,Legion Field,2011,5
59,Legion Field,2012,6
59,Legion Field,2013,5
59,Legion Field,2014,7
59,Legion Field,2015,1
59,Legion Field,2016,1
59,Legion Field,2017,9
59,Legion Field,2018,7
59,Legion Field,2019,7
59,Legion Field,2020,4
59,Legion Field,2021,1
59,Legion Field,2022,1
59,Legion Field,2023,1
52,Levi's Stadium,2014,12
52,Levi's Stadium,2015,12
52,Levi's Stadium,2016,12
52,Levi's Stadium,2017,12
52,Levi's Stadium,2018,14
52,Levi's Stadium,2019,14
52,Levi's Stadium,2020,6
52,Levi's Stadium,2021,10
52,Levi's Stadium,2022,12
52,Levi's Stadium,2023,12
37,Lincoln Financial Field,2005,8
37,Lincoln Financial Field,2006,9
37,Lincoln Financial Field,2007,8
37,Lincoln Financial Field,2008,8
37,Lincoln Financial Field,2009,8
37,Lincoln Financial Field,2010,9
37,Lincoln Financial Field,2011,16
37,Lincoln Financial Field,2012,14
37,Lincoln Financial Field,2013,17
37,Lincoln Financial Field,2014,16
37,Lincoln Financial Field,2015,17
37,Lincoln Financial Field,2016,17
37,Lincoln Financial Field,2017,19
37,Lincoln Financial Field,2018,17
37,Lincoln Financial Field,2019,19
37,Lincoln Financial Field,2020,11
37,Lincoln Financial Field,2021,16
37,Lincoln Financial Field,2022,20
37,Lincoln Financial Field,2023,17
50,Los Angeles Memorial Coliseum,2006,1
50,Los Angeles Memorial Coliseum,2011,7
50,Los Angeles Memorial Coliseum,2012,6
50,Los Angeles Memorial Coliseum,2013,8
50,Los Angeles Memorial Coliseum,2014,6
50,Los Angeles Memorial Coliseum,2015,7
50,Los Angeles Memorial Coliseum,2016,15
50,Los Angeles Memorial Coliseum,2017,17
50,Los Angeles Memorial Coliseum,2018,17
50,Los Angeles Memorial Coliseum,2019,14
50,Los Angeles Memorial Coliseum,2020,3
50,Los Angeles Memorial Coliseum,2021,7
50,Los Angeles Memorial Coliseum,2022,7
50,Los Angeles Memorial Coliseum,2023,7
255,Louis Crews Stadium,2022,4
255,Louis Crews Stadium,2023,5
22,Lucas Oil Stadium,2008,8
22,Lucas Oil Stadium,2009,10
22,Lucas Oil Stadium,2010,9
22,Lucas Oil Stadium,2011,9
22,Lucas Oil Stadium,2012,8
22,Lucas Oil Stadium,2013,11
22,Lucas Oil Stadium,2014,13
22,Lucas Oil Stadium,2015,11
22,Lucas Oil Stadium,2016,11
22,Lucas Oil Stadium,2017,12
22,Lucas Oil Stadium,2018,11
22,Lucas Oil Stadium,2019,12
22,Lucas Oil Stadium,2020,9
22,Lucas Oil Stadium,2021,12
22,Lucas Oil Stadium,2022,11
22,Lucas Oil Stadium,2023,13
42,Lumen Field,2005,10
42,Lumen Field,2006,9
42,Lumen Field,2007,9
42,Lumen Field,2008,8
42,Lumen Field,2009,8
42,Lumen Field,2010,9
42,Lumen Field,2011,8
42,Lumen Field,2012,8
42,Lumen Field,2013,12
42,Lumen Field,2014,13
42,Lumen Field,2015,10
42,Lumen Field,2016,11
42,Lumen Field,2017,10
42,Lumen Field,2018,10
42,Lumen Field,2019,10
42,Lumen Field,2020,14
42,Lumen Field,2021,10
42,Lumen Field,2022,10
42,Lumen Field,2023,15
141,Mackay Stadium,2011,6
141,Mackay Stadium,2012,6
141,Mackay Stadium,2013,6
141,Mackay Stadium,2014,6
141,Mackay Stadium,2015,6
141,Mackay Stadium,2016,6
141,Mackay Stadium,2017,6
141,Mackay Stadium,2018,6
141,Mackay Stadium,2019,6
141,Mackay Stadium,2020,4
141,Mackay Stadium,2021,6
141,Mackay Stadium,2022,6
141,Mackay Stadium,2023,6
205,Manning Field at John L. Guidry Stadium,2019,6
205,Manning Field at John L. Guidry Stadium,2022,5
205,Manning Field at John L. Guidry Stadium,2023,5
191,Marlins Park,2014,1
191,Marlins Park,2015,1
191,Marlins Park,2016,1
191,Marlins Park,2019,1
142,Martin Stadium,2011,6
142,Martin Stadium,2012,6
142,Martin Stadium,2013,5
142,Martin Stadium,2014,6
142,Martin Stadium,2015,6
142,Martin Stadium,2016,7
142,Martin Stadium,2017,7
142,Martin Stadium,2018,7
142,Martin Stadium,2019,6
142,Martin Stadium,2020,1
142,Martin Stadium,2021,7
142,Martin Stadium,2022,7
142,Martin Stadium,2023,6
147,Maverik Stadium,2011,6
147,Maverik Stadium,2012,7
147,Maverik Stadium,2013,7
147,Maverik Stadium,2014,6
147,Maverik Stadium,2015,6
147,Maverik Stadium,2016,6
147,Maverik Stadium,2017,6
147,Maverik Stadium,2018,6
147,Maverik Stadium,2019,6
147,Maverik Stadium,2020,4
147,Maverik Stadium,2021,6
147,Maverik Stadium,2022,6
147,Maverik Stadium,2023,6
144,McLane Stadium,2011,9
144,McLane Stadium,2012,8
144,McLane Stadium,2013,8
144,McLane Stadium,2014,6
144,McLane Stadium,2015,6
144,McLane Stadium,2016,6
144,McLane Stadium,2017,6
144,McLane Stadium,2018,6
144,McLane Stadium,2019,7
144,McLane Stadium,2020,4
144,McLane Stadium,2021,7
144,McLane Stadium,2022,6
144,McLane Stadium,2023,8
350,McMahon Stadium,2022,10
350,McMahon Stadium,2023,10
310,Meade Stadium,2022,5
310,Meade Stadium,2023,5
266,Memorial Field (Dartmouth),2022,5
266,Memorial Field (Dartmouth),2023,5
145,Memorial Stadium (Champaign),2011,22
145,Memorial Stadium (Champaign),2012,20
145,Memorial Stadium (Champaign),2013,7
145,Memorial Stadium (Champaign),2014,7
145,Memorial Stadium (Champaign),2015,6
145,Memorial Stadium (Champaign),2016,7
145,Memorial Stadium (Champaign),2017,7
145,Memorial Stadium (Champaign),2018,6
145,Memorial Stadium (Champaign),2019,7
145,Memorial Stadium (Champaign),2020,3
145,Memorial Stadium (Champaign),2021,7
145,Memorial Stadium (Champaign),2022,7
145,Memorial Stadium (Champaign),2023,7
202,Memorial Stadium (Indiana),2013,8
202,Memorial Stadium (Indiana),2014,6
202,Memorial Stadium (Indiana),2015,7
202,Memorial Stadium (Indiana),2016,7
202,Memorial Stadium (Indiana),2017,7
202,Memorial Stadium (Indiana),2018,7
202,Memorial Stadium (Indiana),2019,6
202,Memorial Stadium (Indiana),2020,3
202,Memorial Stadium (Indiana),2021,6
202,Memorial Stadium (Indiana),2022,6
202,Memorial Stadium (Indiana),2023,6
285,Memorial Stadium (Indiana State),2022,6
285,Memorial Stadium (Indiana State),2023,5
146,Memorial Stadium (Lincoln),2013,9
146,Memorial Stadium (Lincoln),2014,7
146,Memorial Stadium (Lincoln),2015,8
146,Memorial Stadium (Lincoln),2016,7
146,Memorial Stadium (Lincoln),2017,7
146,Memorial Stadium (Lincoln),2018,7
146,Memorial Stadium (Lincoln),2019,7
146,Memorial Stadium (Lincoln),2020,3
146,Memorial Stadium (Lincoln),2021,7
146,Memorial Stadium (Lincoln),2022,7
146,Memorial Stadium (Lincoln),2023,7
326,Memorial Stadium (Tarleton State),2022,6
326,Memorial Stadium (Tarleton State),2023,5
3,Mercedes-Benz Stadium,2017,15
3,Mercedes-Benz Stadium,2018,14
3,Mercedes-Benz Stadium,2019,14
3,Mercedes-Benz Stadium,2020,10
3,Mercedes-Benz Stadium,2021,15
3,Mercedes-Benz Stadium,2022,15
3,Mercedes-Benz Stadium,2023,15
53,MetLife Stadium,2010,16
53,MetLife Stadium,2011,17
53,MetLife Stadium,2012,16
53,MetLife Stadium,2013,21
53,MetLife Stadium,2014,21
53,MetLife Stadium,2015,20
53,MetLife Stadium,2016,21
53,MetLife Stadium,2017,20
53,MetLife Stadium,2018,20
53,MetLife Stadium,2019,20
53,MetLife Stadium,2020,21
53,MetLife Stadium,2021,21
53,MetLife Stadium,2022,21
53,MetLife Stadium,2023,20
84,Michie Stadium,2011,4
84,Michie Stadium,2012,7
84,Michie Stadium,2013,6
84,Michie Stadium,2014,5
84,Michie Stadium,2015,6
84,Michie Stadium,2016,5
84,Michie Stadium,2017,6
84,Michie Stadium,2018,6
84,Michie Stadium,2019,6
84,Michie Stadium,2020,8
84,Michie Stadium,2021,6
84,Michie Stadium,2022,5
84,Michie Stadium,2023,6
148,Michigan Stadium,2011,9
148,Michigan Stadium,2012,6
148,Michigan Stadium,2013,7
148,Michigan Stadium,2014,7
148,Michigan Stadium,2015,7
148,Michigan Stadium,2016,8
148,Michigan Stadium,2017,6
148,Michigan Stadium,2018,7
148,Michigan Stadium,2019,7
148,Michigan Stadium,2020,3
148,Michigan Stadium,2021,7
148,Michigan Stadium,2022,8
148,Michigan Stadium,2023,7
17,Mile High Stadium,2018,2
234,Mississippi Veterans Memorial Stadium,2019,1
234,Mississippi Veterans Memorial Stadium,2022,5
234,Mississippi Veterans Memorial Stadium,2023,4
99,MM Roberts Stadium,2011,7
99,MM Roberts Stadium,2012,6
99,MM Roberts Stadium,2013,5
99,MM Roberts Stadium,2014,6
99,MM Roberts Stadium,2015,6
99,MM Roberts Stadium,2016,6
99,MM Roberts Stadium,2017,6
99,MM Roberts Stadium,2018,6
99,MM Roberts Stadium,2019,5
99,MM Roberts Stadium,2020,7
99,MM Roberts Stadium,2021,6
99,MM Roberts Stadium,2022,6
99,MM Roberts Stadium,2023,6
351,Mosaic Stadium,2022,11
351,Mosaic Stadium,2023,10
5,Mountain America Stadium,2005,7
5,Mountain America Stadium,2011,7
5,Mountain America Stadium,2012,7
5,Mountain America Stadium,2013,8
5,Mountain America Stadium,2014,7
5,Mountain America Stadium,2015,7
5,Mountain America Stadium,2016,6
5,Mountain America Stadium,2017,7
5,Mountain America Stadium,2018,6
5,Mountain America Stadium,2019,7
5,Mountain America Stadium,2020,1
5,Mountain America Stadium,2021,7
5,Mountain America Stadium,2022,6
5,Mountain America Stadium,2023,8
149,Mountaineer Field at Milan Puskar Stadium,2011,8
149,Mountaineer Field at Milan Puskar Stadium,2012,8
149,Mountaineer Field at Milan Puskar Stadium,2013,6
149,Mountaineer Field at Milan Puskar Stadium,2014,6
149,Mountaineer Field at Milan Puskar Stadium,2015,7
149,Mountaineer Field at Milan Puskar Stadium,2016,7
149,Mountaineer Field at Milan Puskar Stadium,2017,6
149,Mountaineer Field at Milan Puskar Stadium,2018,6
149,Mountaineer Field at Milan Puskar Stadium,2019,6
149,Mountaineer Field at Milan Puskar Stadium,2020,5
149,Mountaineer Field at Milan Puskar Stadium,2021,6
149,Mountaineer Field at Milan Puskar Stadium,2022,6
149,Mountaineer Field at Milan Puskar Stadium,2023,6
6,M&T Bank Stadium,2005,8
6,M&T Bank Stadium,2006,10
6,M&T Bank Stadium,2007,8
6,M&T Bank Stadium,2008,8
6,M&T Bank Stadium,2009,8
6,M&T Bank Stadium,2010,8
6,M&T Bank Stadium,2011,9
6,M&T Bank Stadium,2012,9
6,M&T Bank Stadium,2013,10
6,M&T Bank Stadium,2014,12
6,M&T Bank Stadium,2015,11
6,M&T Bank Stadium,2016,11
6,M&T Bank Stadium,2017,10
6,M&T Bank Stadium,2018,11
6,M&T Bank Stadium,2019,11
6,M&T Bank Stadium,2020,8
6,M&T Bank Stadium,2021,10
6,M&T Bank Stadium,2022,11
6,M&T Bank Stadium,2023,12
253,Mustang Memorial Field,2022,5
253,Mustang Memorial Field,2023,6
150,Navy–Marine Corps Memorial Stadium,2011,6
150,Navy–Marine Corps Memorial Stadium,2012,6
150,Navy–Marine Corps Memorial Stadium,2013,7
150,Navy–Marine Corps Memorial Stadium,2014,6
150,Navy–Marine Corps Memorial Stadium,2015,7
150,Navy–Marine Corps Memorial Stadium,2016,7
150,Navy–Marine Corps Memorial Stadium,2017,6
150,Navy–Marine Corps Memorial Stadium,2018,6
150,Navy–Marine Corps Memorial Stadium,2019,7
150,Navy–Marine Corps Memorial Stadium,2020,5
150,Navy–Marine Corps Memorial Stadium,2021,6
150,Navy–Marine Corps Memorial Stadium,2022,6
150,Navy–Marine Corps Memorial Stadium,2023,7
151,Neyland Stadium,2006,1
151,Neyland Stadium,2011,8
151,Neyland Stadium,2012,8
151,Neyland Stadium,2013,7
151,Neyland Stadium,2014,7
151,Neyland Stadium,2015,7
151,Neyland Stadium,2016,7
151,Neyland Stadium,2017,7
151,Neyland Stadium,2018,7
151,Neyland Stadium,2019,8
151,Neyland Stadium,2020,5
151,Neyland Stadium,2021,8
151,Neyland Stadium,2022,7
151,Neyland Stadium,2023,7
152,Nippert Stadium,2011,7
152,Nippert Stadium,2012,9
152,Nippert Stadium,2013,7
152,Nippert Stadium,2014,1
152,Nippert Stadium,2015,6
152,Nippert Stadium,2016,7
152,Nippert Stadium,2017,6
152,Nippert Stadium,2018,6
152,Nippert Stadium,2019,6
152,Nippert Stadium,2020,7
152,Nippert Stadium,2021,7
152,Nippert Stadium,2022,6
152,Nippert Stadium,2023,7
47,Nissan Stadium,2005,8
47,Nissan Stadium,2006,8
47,Nissan Stadium,2007,8
47,Nissan Stadium,2008,9
47,Nissan Stadium,2009,8
47,Nissan Stadium,2010,8
47,Nissan Stadium,2011,8
47,Nissan Stadium,2012,8
47,Nissan Stadium,2013,10
47,Nissan Stadium,2014,13
47,Nissan Stadium,2015,12
47,Nissan Stadium,2016,11
47,Nissan Stadium,2017,11
47,Nissan Stadium,2018,11
47,Nissan Stadium,2019,12
47,Nissan Stadium,2020,9
47,Nissan Stadium,2021,12
47,Nissan Stadium,2022,15
47,Nissan Stadium,2023,16
153,Notre Dame Stadium,2006,7
153,Notre Dame Stadium,2011,6
153,Notre Dame Stadium,2012,8
153,Notre Dame Stadium,2013,8
153,Notre Dame Stadium,2014,6
153,Notre Dame Stadium,2015,6
153,Notre Dame Stadium,2016,6
153,Notre Dame Stadium,2017,7
153,Notre Dame Stadium,2018,6
153,Notre Dame Stadium,2019,7
153,Notre Dame Stadium,2020,6
153,Notre Dame Stadium,2021,7
153,Notre Dame Stadium,2022,6
153,Notre Dame Stadium,2023,6
305,Nottingham Field,2022,5
305,Nottingham Field,2023,5
21,NRG Stadium,2003,1
21,NRG Stadium,2005,9
21,NRG Stadium,2006,8
21,NRG Stadium,2007,8
21,NRG Stadium,2008,8
21,NRG Stadium,2009,8
21,NRG Stadium,2010,8
21,NRG Stadium,2011,9
21,NRG Stadium,2012,9
21,NRG Stadium,2013,10
21,NRG Stadium,2014,12
21,NRG Stadium,2015,13
21,NRG Stadium,2016,14
21,NRG Stadium,2017,10
21,NRG Stadium,2018,13
21,NRG Stadium,2019,14
21,NRG Stadium,2020,8
21,NRG Stadium,2021,12
21,NRG Stadium,2022,13
21,NRG Stadium,2023,14
36,Oakland - Alameda County Coliseum,2005,8
36,Oakland - Alameda County Coliseum,2006,8
36,Oakland - Alameda County Coliseum,2007,8
36,Oakland - Alameda County Coliseum,2008,8
36,Oakland - Alameda County Coliseum,2009,8
36,Oakland - Alameda County Coliseum,2010,8
36,Oakland - Alameda County Coliseum,2011,8
36,Oakland - Alameda County Coliseum,2012,8
36,Oakland - Alameda County Coliseum,2013,10
36,Oakland - Alameda County Coliseum,2014,9
36,Oakland - Alameda County Coliseum,2015,10
36,Oakland - Alameda County Coliseum,2016,9
36,Oakland - Alameda County Coliseum,2017,9
36,Oakland - Alameda County Coliseum,2018,9
36,Oakland - Alameda County Coliseum,2019,8
274,O'Brien Field,2022,5
274,O'Brien Field,2023,5
154,Ohio Stadium,2005,1
154,Ohio Stadium,2011,7
154,Ohio Stadium,2012,8
154,Ohio Stadium,2013,7
154,Ohio Stadium,2014,7
154,Ohio Stadium,2015,7
154,Ohio Stadium,2016,7
154,Ohio Stadium,2017,7
154,Ohio Stadium,2018,7
154,Ohio Stadium,2019,7
154,Ohio Stadium,2020,3
154,Ohio Stadium,2021,7
154,Ohio Stadium,2022,8
154,Ohio Stadium,2023,6
216,O'Kelly-Riddick Stadium,2019,4
216,O'Kelly-Riddick Stadium,2022,4
216,O'Kelly-Riddick Stadium,2023,5
223,Oliver C. Dawson Stadium,2019,1
223,Oliver C. Dawson Stadium,2022,5
223,Oliver C. Dawson Stadium,2023,5
322,O'Shaughnessy Stadium,2022,6
322,O'Shaughnessy Stadium,2023,5
279,Paladin Stadium,2022,6
279,Paladin Stadium,2023,6
235,Panther Stadium at Blackshear Field,2019,1
235,Panther Stadium at Blackshear Field,2022,5
235,Panther Stadium at Blackshear Field,2023,4
359,Parker Field at McCool Stadium,2023,1
12,Paycor Stadium,2005,9
12,Paycor Stadium,2006,8
12,Paycor Stadium,2007,8
12,Paycor Stadium,2008,8
12,Paycor Stadium,2009,9
12,Paycor Stadium,2010,8
12,Paycor Stadium,2011,8
12,Paycor Stadium,2012,8
12,Paycor Stadium,2013,11
12,Paycor Stadium,2014,15
12,Paycor Stadium,2015,11
12,Paycor Stadium,2016,9
12,Paycor Stadium,2017,10
12,Paycor Stadium,2018,11
12,Paycor Stadium,2019,10
12,Paycor Stadium,2020,8
12,Paycor Stadium,2021,11
12,Paycor Stadium,2022,12
12,Paycor Stadium,2023,10
156,Peden Stadium,2011,7
156,Peden Stadium,2012,7
156,Peden Stadium,2013,7
156,Peden Stadium,2014,6
156,Peden Stadium,2015,6
156,Peden Stadium,2016,6
156,Peden Stadium,2017,6
156,Peden Stadium,2018,6
156,Peden Stadium,2019,6
156,Peden Stadium,2020,2
156,Peden Stadium,2021,6
156,Peden Stadium,2022,6
156,Peden Stadium,2023,6
354,Percival Molson Memorial Stadium,2022,11
354,Percival Molson Memorial Stadium,2023,11
246,Petco Park,2022,1
246,Petco Park,2023,1
348,Polar Park,2022,1
348,Polar Park,2023,1
309,Powers Field at Princeton Stadium,2022,5
309,Powers Field at Princeton Stadium,2023,5
157,Pratt & Whitney Stadium,2011,7
157,Pratt & Whitney Stadium,2012,6
157,Pratt & Whitney Stadium,2013,7
157,Pratt & Whitney Stadium,2014,7
157,Pratt & Whitney Stadium,2015,6
157,Pratt & Whitney Stadium,2016,7
157,Pratt & Whitney Stadium,2017,6
157,Pratt & Whitney Stadium,2018,6
157,Pratt & Whitney Stadium,2019,6
157,Pratt & Whitney Stadium,2021,6
157,Pratt & Whitney Stadium,2022,6
157,Pratt & Whitney Stadium,2023,6
245,Protective Stadium,2021,6
245,Protective Stadium,2022,47
245,Protective Stadium,2023,18
245,Protective Stadium,2024,10
343,Providence Park,2022,1
207,Provost Umphrey Stadium,2019,1
207,Provost Umphrey Stadium,2022,5
207,Provost Umphrey Stadium,2023,6
358,Raymond Field,2022,1
46,Raymond James Stadium,2005,9
46,Raymond James Stadium,2006,8
46,Raymond James Stadium,2007,9
46,Raymond James Stadium,2008,9
46,Raymond James Stadium,2009,7
46,Raymond James Stadium,2010,8
46,Raymond James Stadium,2011,14
46,Raymond James Stadium,2012,14
46,Raymond James Stadium,2013,17
46,Raymond James Stadium,2014,18
46,Raymond James Stadium,2015,17
46,Raymond James Stadium,2016,19
46,Raymond James Stadium,2017,18
46,Raymond James Stadium,2018,18
46,Raymond James Stadium,2019,18
46,Raymond James Stadium,2020,19
46,Raymond James Stadium,2021,20
46,Raymond James Stadium,2022,17
46,Raymond James Stadium,2023,19
23,RCA Dome,2005,9
23,RCA Dome,2006,10
23,RCA Dome,2007,9
361,Red Bull Arena,2023,1
158,Reser Stadium,2011,6
158,Reser Stadium,2012,7
158,Reser Stadium,2013,7
158,Reser Stadium,2014,7
158,Reser Stadium,2015,6
158,Reser Stadium,2016,7
158,Reser Stadium,2017,6
158,Reser Stadium,2018,6
158,Reser Stadium,2019,6
158,Reser Stadium,2020,5
158,Reser Stadium,2021,6
158,Reser Stadium,2022,6
158,Reser Stadium,2023,6
277,Rhodes Stadium,2022,5
277,Rhodes Stadium,2023,5
159,Riccardo Silva Stadium,2011,6
159,Riccardo Silva Stadium,2012,6
159,Riccardo Silva Stadium,2013,6
159,Riccardo Silva Stadium,2014,8
159,Riccardo Silva Stadium,2015,5
159,Riccardo Silva Stadium,2016,7
159,Riccardo Silva Stadium,2017,6
159,Riccardo Silva Stadium,2018,7
159,Riccardo Silva Stadium,2019,6
159,Riccardo Silva Stadium,2020,3
159,Riccardo Silva Stadium,2021,6
159,Riccardo Silva Stadium,2022,6
159,Riccardo Silva Stadium,2023,6
62,Rice-Eccles Stadium,2011,7
62,Rice-Eccles Stadium,2012,6
62,Rice-Eccles Stadium,2013,7
62,Rice-Eccles Stadium,2014,6
62,Rice-Eccles Stadium,2015,7
62,Rice-Eccles Stadium,2016,6
62,Rice-Eccles Stadium,2017,7
62,Rice-Eccles Stadium,2018,6
62,Rice-Eccles Stadium,2019,7
62,Rice-Eccles Stadium,2020,3
62,Rice-Eccles Stadium,2021,6
62,Rice-Eccles Stadium,2022,6
62,Rice-Eccles Stadium,2023,7
160,Rice Stadium,2011,5
160,Rice Stadium,2012,6
160,Rice Stadium,2013,6
160,Rice Stadium,2014,5
160,Rice Stadium,2015,6
160,Rice Stadium,2016,6
160,Rice Stadium,2017,6
160,Rice Stadium,2018,6
160,Rice Stadium,2019,6
160,Rice Stadium,2020,2
160,Rice Stadium,2021,6
160,Rice Stadium,2022,6
160,Rice Stadium,2023,7
160,Rice Stadium,2024,10
295,Rice Totten Stadium,2022,5
295,Rice Totten Stadium,2023,4
341,Richardson Stadium,2022,6
341,Richardson Stadium,2023,6
345,Robert B. Redman Stadium,2022,1
229,Robert K. Kraft Field at Lawrence A. Wien Stadium,2019,2
229,Robert K. Kraft Field at Lawrence A. Wien Stadium,2022,5
229,Robert K. Kraft Field at Lawrence A. Wien Stadium,2023,5
296,Robert W. Plaster Stadium,2022,5
296,Robert W. Plaster Stadium,2023,5
11,Rogers Stadium,2008,1
11,Rogers Stadium,2009,1
11,Rogers Stadium,2010,1
11,Rogers Stadium,2011,1
11,Rogers Stadium,2012,1
11,Rogers Stadium,2013,1
276,Roos Field,2022,5
276,Roos Field,2023,5
161,Rose Bowl Stadium,2004,1
161,Rose Bowl Stadium,2005,1
161,Rose Bowl Stadium,2011,6
161,Rose Bowl Stadium,2012,7
161,Rose Bowl Stadium,2013,7
161,Rose Bowl Stadium,2014,7
161,Rose Bowl Stadium,2015,7
161,Rose Bowl Stadium,2016,7
161,Rose Bowl Stadium,2017,8
161,Rose Bowl Stadium,2018,9
161,Rose Bowl Stadium,2019,8
161,Rose Bowl Stadium,2020,4
161,Rose Bowl Stadium,2021,9
161,Rose Bowl Stadium,2022,10
161,Rose Bowl Stadium,2023,7
162,Ross–Ade Stadium,2011,8
162,Ross–Ade Stadium,2012,7
162,Ross–Ade Stadium,2013,7
162,Ross–Ade Stadium,2014,7
162,Ross–Ade Stadium,2015,7
162,Ross–Ade Stadium,2016,7
162,Ross–Ade Stadium,2017,6
162,Ross–Ade Stadium,2018,7
162,Ross–Ade Stadium,2019,7
162,Ross–Ade Stadium,2020,4
162,Ross–Ade Stadium,2021,6
162,Ross–Ade Stadium,2022,6
162,Ross–Ade Stadium,2023,7
275,Roy Kidd Stadium,2022,7
275,Roy Kidd Stadium,2023,5
346,Roy Stewart Stadium,2023,5
163,Ryan Field,2011,6
163,Ryan Field,2012,8
163,Ryan Field,2013,7
163,Ryan Field,2014,7
163,Ryan Field,2015,7
163,Ryan Field,2016,7
163,Ryan Field,2017,7
163,Ryan Field,2018,7
163,Ryan Field,2019,7
163,Ryan Field,2020,4
163,Ryan Field,2021,6
163,Ryan Field,2022,6
163,Ryan Field,2023,6
164,Rynearson Stadium,2011,6
164,Rynearson Stadium,2012,6
164,Rynearson Stadium,2013,5
164,Rynearson Stadium,2014,5
164,Rynearson Stadium,2015,6
164,Rynearson Stadium,2016,6
164,Rynearson Stadium,2017,5
164,Rynearson Stadium,2018,6
164,Rynearson Stadium,2019,5
164,Rynearson Stadium,2020,3
164,Rynearson Stadium,2021,6
164,Rynearson Stadium,2022,6
164,Rynearson Stadium,2023,6
319,Saluki Stadium,2022,5
319,Saluki Stadium,2023,6
165,Sam Boyd Stadium,2011,5
165,Sam Boyd Stadium,2012,7
165,Sam Boyd Stadium,2013,7
165,Sam Boyd Stadium,2014,7
165,Sam Boyd Stadium,2015,7
165,Sam Boyd Stadium,2016,7
165,Sam Boyd Stadium,2017,7
165,Sam Boyd Stadium,2018,7
165,Sam Boyd Stadium,2019,7
165,Sam Boyd Stadium,2020,3
41,San Diego County Credit Union Stadium,2002,1
41,San Diego County Credit Union Stadium,2005,8
41,San Diego County Credit Union Stadium,2006,9
41,San Diego County Credit Union Stadium,2007,9
41,San Diego County Credit Union Stadium,2008,9
41,San Diego County Credit Union Stadium,2009,9
41,San Diego County Credit Union Stadium,2010,8
41,San Diego County Credit Union Stadium,2011,15
41,San Diego County Credit Union Stadium,2012,16
41,San Diego County Credit Union Stadium,2013,17
41,San Diego County Credit Union Stadium,2014,18
41,San Diego County Credit Union Stadium,2015,19
41,San Diego County Credit Union Stadium,2016,18
41,San Diego County Credit Union Stadium,2017,8
41,San Diego County Credit Union Stadium,2018,9
41,San Diego County Credit Union Stadium,2019,7
166,Sanford Stadium,2011,8
166,Sanford Stadium,2012,9
166,Sanford Stadium,2013,7
166,Sanford Stadium,2014,7
166,Sanford Stadium,2015,7
166,Sanford Stadium,2016,6
166,Sanford Stadium,2017,6
166,Sanford Stadium,2018,7
166,Sanford Stadium,2019,7
166,Sanford Stadium,2020,3
166,Sanford Stadium,2021,6
166,Sanford Stadium,2022,6
166,Sanford Stadium,2023,7
167,Scheumann Stadium,2011,6
167,Scheumann Stadium,2012,5
167,Scheumann Stadium,2013,6
167,Scheumann Stadium,2014,6
167,Scheumann Stadium,2015,6
167,Scheumann Stadium,2016,5
167,Scheumann Stadium,2017,6
167,Scheumann Stadium,2018,6
167,Scheumann Stadium,2019,6
167,Scheumann Stadium,2020,3
167,Scheumann Stadium,2021,6
167,Scheumann Stadium,2022,6
167,Scheumann Stadium,2023,6
227,Schoellkopf Field,2019,1
227,Schoellkopf Field,2022,5
227,Schoellkopf Field,2023,5
98,Scott Stadium,2011,7
98,Scott Stadium,2012,7
98,Scott Stadium,2013,8
98,Scott Stadium,2014,7
98,Scott Stadium,2015,7
98,Scott Stadium,2016,6
98,Scott Stadium,2017,7
98,Scott Stadium,2018,6
98,Scott Stadium,2019,7
98,Scott Stadium,2020,6
98,Scott Stadium,2021,7
98,Scott Stadium,2022,7
98,Scott Stadium,2023,6
96,SECU Stadium,2011,8
96,SECU Stadium,2012,6
96,SECU Stadium,2013,7
96,SECU Stadium,2014,6
96,SECU Stadium,2015,6
96,SECU Stadium,2016,6
96,SECU Stadium,2017,6
96,SECU Stadium,2018,6
96,SECU Stadium,2019,6
96,SECU Stadium,2020,2
96,SECU Stadium,2021,7
96,SECU Stadium,2022,7
96,SECU Stadium,2023,7
315,Seibert Stadium,2022,6
315,Seibert Stadium,2023,6
331,Shell Energy Stadium,2022,4
331,Shell Energy Stadium,2023,5
119,SHI Stadium,2011,9
119,SHI Stadium,2012,6
119,SHI Stadium,2013,7
119,SHI Stadium,2014,6
119,SHI Stadium,2015,7
119,SHI Stadium,2016,7
119,SHI Stadium,2017,7
119,SHI Stadium,2018,7
119,SHI Stadium,2019,7
119,SHI Stadium,2020,5
119,SHI Stadium,2021,6
119,SHI Stadium,2022,6
119,SHI Stadium,2023,7
258,Simmons Bank Field,2022,5
258,Simmons Bank Field,2023,6
60,Simmons Bank Liberty Stadium,2011,6
60,Simmons Bank Liberty Stadium,2012,6
60,Simmons Bank Liberty Stadium,2013,7
60,Simmons Bank Liberty Stadium,2014,7
60,Simmons Bank Liberty Stadium,2015,7
60,Simmons Bank Liberty Stadium,2016,8
60,Simmons Bank Liberty Stadium,2017,8
60,Simmons Bank Liberty Stadium,2018,8
60,Simmons Bank Liberty Stadium,2019,8
60,Simmons Bank Liberty Stadium,2020,7
60,Simmons Bank Liberty Stadium,2021,8
60,Simmons Bank Liberty Stadium,2022,9
60,Simmons Bank Liberty Stadium,2023,17
60,Simmons Bank Liberty Stadium,2024,10
249,Snapdragon Stadium,2022,7
249,Snapdragon Stadium,2023,7
56,SoFi Stadium,2020,16
56,SoFi Stadium,2021,24
56,SoFi Stadium,2022,22
56,SoFi Stadium,2023,21
9,Soldier Field,2005,9
9,Soldier Field,2006,10
9,Soldier Field,2007,8
9,Soldier Field,2008,8
9,Soldier Field,2009,8
9,Soldier Field,2010,10
9,Soldier Field,2011,8
9,Soldier Field,2012,8
9,Soldier Field,2013,10
9,Soldier Field,2014,10
9,Soldier Field,2015,11
9,Soldier Field,2016,10
9,Soldier Field,2017,10
9,Soldier Field,2018,12
9,Soldier Field,2019,10
9,Soldier Field,2020,8
9,Soldier Field,2021,11
9,Soldier Field,2022,10
9,Soldier Field,2023,11
170,Spartan Stadium,2006,1
170,Spartan Stadium,2011,8
170,Spartan Stadium,2012,8
170,Spartan Stadium,2013,9
170,Spartan Stadium,2014,7
170,Spartan Stadium,2015,7
170,Spartan Stadium,2016,7
170,Spartan Stadium,2017,7
170,Spartan Stadium,2018,7
170,Spartan Stadium,2019,7
170,Spartan Stadium,2020,4
170,Spartan Stadium,2021,6
170,Spartan Stadium,2022,7
170,Spartan Stadium,2023,6
323,Spec Martin Municipal Stadium,2022,7
323,Spec Martin Municipal Stadium,2023,6
257,Spinks–Casem Stadium Stadium,2023,5
340,Stambaugh Stadium,2022,6
340,Stambaugh Stadium,2023,7
171,Stanford Stadium,2011,7
171,Stanford Stadium,2012,8
171,Stanford Stadium,2013,8
171,Stanford Stadium,2014,6
171,Stanford Stadium,2015,7
171,Stanford Stadium,2016,6
171,Stanford Stadium,2017,6
171,Stanford Stadium,2018,6
171,Stanford Stadium,2019,7
171,Stanford Stadium,2020,1
171,Stanford Stadium,2021,6
171,Stanford Stadium,2022,6
171,Stanford Stadium,2023,7
4,State Farm Stadium,2006,8
4,State Farm Stadium,2007,9
4,State Farm Stadium,2008,10
4,State Farm Stadium,2009,9
4,State Farm Stadium,2010,8
4,State Farm Stadium,2011,8
4,State Farm Stadium,2012,8
4,State Farm Stadium,2013,10
4,State Farm Stadium,2014,12
4,State Farm Stadium,2015,13
4,State Farm Stadium,2016,12
4,State Farm Stadium,2017,11
4,State Farm Stadium,2018,11
4,State Farm Stadium,2019,11
4,State Farm Stadium,2020,11
4,State Farm Stadium,2021,11
4,State Farm Stadium,2022,11
4,State Farm Stadium,2023,11
301,Stewart Stadium,2022,11
301,Stewart Stadium,2023,5
214,Strawberry Stadium,2019,2
214,Strawberry Stadium,2022,6
214,Strawberry Stadium,2023,5
173,Sun Bowl Stadium,2011,6
173,Sun Bowl Stadium,2012,6
173,Sun Bowl Stadium,2013,5
173,Sun Bowl Stadium,2014,7
173,Sun Bowl Stadium,2015,6
173,Sun Bowl Stadium,2016,8
173,Sun Bowl Stadium,2017,6
173,Sun Bowl Stadium,2018,7
173,Sun Bowl Stadium,2019,7
173,Sun Bowl Stadium,2020,2
173,Sun Bowl Stadium,2021,7
173,Sun Bowl Stadium,2022,7
173,Sun Bowl Stadium,2023,7
362,Target Field,2023,1
356,TD Place Stadium,2022,10
356,TD Place Stadium,2023,10
292,Tenney Stadium at Leonidoff Field,2022,6
292,Tenney Stadium at Leonidoff Field,2023,5
15,Texas Stadium,2005,8
15,Texas Stadium,2006,8
15,Texas Stadium,2007,9
15,Texas Stadium,2008,8
45,The Dome at America's Center,2005,8
45,The Dome at America's Center,2006,8
45,The Dome at America's Center,2007,8
45,The Dome at America's Center,2008,8
45,The Dome at America's Center,2009,8
45,The Dome at America's Center,2010,8
45,The Dome at America's Center,2011,8
45,The Dome at America's Center,2012,7
45,The Dome at America's Center,2013,10
45,The Dome at America's Center,2014,10
45,The Dome at America's Center,2015,10
45,The Dome at America's Center,2020,5
45,The Dome at America's Center,2023,6
45,The Dome at America's Center,2024,10
185,Thomas Robinson Stadium,2014,1
185,Thomas Robinson Stadium,2015,1
185,Thomas Robinson Stadium,2016,1
185,Thomas Robinson Stadium,2017,1
185,Thomas Robinson Stadium,2018,1
185,Thomas Robinson Stadium,2019,1
185,Thomas Robinson Stadium,2021,1
185,Thomas Robinson Stadium,2022,1
24,TIAA Bank Field,2004,1
24,TIAA Bank Field,2005,8
24,TIAA Bank Field,2006,8
24,TIAA Bank Field,2007,8
24,TIAA Bank Field,2008,8
24,TIAA Bank Field,2009,8
24,TIAA Bank Field,2010,8
24,TIAA Bank Field,2011,8
24,TIAA Bank Field,2012,8
24,TIAA Bank Field,2013,9
24,TIAA Bank Field,2014,11
24,TIAA Bank Field,2015,11
24,TIAA Bank Field,2016,12
24,TIAA Bank Field,2017,12
24,TIAA Bank Field,2018,11
24,TIAA Bank Field,2019,11
24,TIAA Bank Field,2020,10
24,TIAA Bank Field,2021,12
24,TIAA Bank Field,2022,13
24,TIAA Bank Field,2023,12
34,Tiger Stadium,2005,4
34,Tiger Stadium,2006,8
34,Tiger Stadium,2011,8
34,Tiger Stadium,2012,8
34,Tiger Stadium,2013,9
34,Tiger Stadium,2014,7
34,Tiger Stadium,2015,7
34,Tiger Stadium,2016,8
34,Tiger Stadium,2017,6
34,Tiger Stadium,2018,7
34,Tiger Stadium,2019,7
34,Tiger Stadium,2020,4
34,Tiger Stadium,2021,7
34,Tiger Stadium,2022,7
34,Tiger Stadium,2023,7
355,Tim Hortons Field,2022,10
355,Tim Hortons Field,2023,1
64,Tom Benson Hall of Fame Stadium,2013,1
64,Tom Benson Hall of Fame Stadium,2014,1
64,Tom Benson Hall of Fame Stadium,2015,1
64,Tom Benson Hall of Fame Stadium,2016,1
64,Tom Benson Hall of Fame Stadium,2017,1
64,Tom Benson Hall of Fame Stadium,2018,1
64,Tom Benson Hall of Fame Stadium,2019,1
64,Tom Benson Hall of Fame Stadium,2021,1
64,Tom Benson Hall of Fame Stadium,2022,4
64,Tom Benson Hall of Fame Stadium,2023,14
238,Torero Stadium,2019,1
238,Torero Stadium,2022,5
238,Torero Stadium,2023,6
65,Tottenham Hotspur Stadium,2019,2
65,Tottenham Hotspur Stadium,2021,2
65,Tottenham Hotspur Stadium,2022,2
65,Tottenham Hotspur Stadium,2023,1
347,Toyota Field,2022,1
184,Toyota Stadium,2017,1
184,Toyota Stadium,2018,1
184,Toyota Stadium,2019,1
184,Toyota Stadium,2020,1
184,Toyota Stadium,2021,3
184,Toyota Stadium,2022,2
184,Toyota Stadium,2023,2
190,Tropicana Field,2014,2
190,Tropicana Field,2015,2
190,Tropicana Field,2016,2
190,Tropicana Field,2017,2
190,Tropicana Field,2018,1
190,Tropicana Field,2019,1
80,Truist Field at Wake Forest,2011,7
80,Truist Field at Wake Forest,2012,7
80,Truist Field at Wake Forest,2013,6
80,Truist Field at Wake Forest,2014,6
80,Truist Field at Wake Forest,2015,6
80,Truist Field at Wake Forest,2016,7
80,Truist Field at Wake Forest,2017,6
80,Truist Field at Wake Forest,2018,7
80,Truist Field at Wake Forest,2019,7
80,Truist Field at Wake Forest,2020,4
80,Truist Field at Wake Forest,2021,6
80,Truist Field at Wake Forest,2022,7
80,Truist Field at Wake Forest,2023,6
303,Truist Stadium,2022,6
303,Truist Stadium,2023,5
328,Tucker Stadium,2022,5
328,Tucker Stadium,2023,5
51,Twickenham Stadium,2016,1
51,Twickenham Stadium,2017,2
174,UB Stadium,2011,6
174,UB Stadium,2012,6
174,UB Stadium,2013,5
174,UB Stadium,2014,7
174,UB Stadium,2015,6
174,UB Stadium,2016,6
174,UB Stadium,2017,6
174,UB Stadium,2018,6
174,UB Stadium,2019,6
174,UB Stadium,2020,3
174,UB Stadium,2021,6
174,UB Stadium,2022,5
174,UB Stadium,2023,6
332,UC Davis Health Stadium,2022,5
332,UC Davis Health Stadium,2023,5
306,UNI Dome,2022,6
306,UNI Dome,2023,5
109,University Stadium,2011,6
109,University Stadium,2012,6
109,University Stadium,2013,6
109,University Stadium,2014,7
109,University Stadium,2015,8
109,University Stadium,2016,7
109,University Stadium,2017,7
109,University Stadium,2018,7
109,University Stadium,2019,7
109,University Stadium,2020,2
109,University Stadium,2021,7
109,University Stadium,2022,7
109,University Stadium,2023,7
54,US Bank Stadium,2016,10
54,US Bank Stadium,2017,12
54,US Bank Stadium,2018,10
54,US Bank Stadium,2019,10
54,US Bank Stadium,2020,8
54,US Bank Stadium,2021,10
54,US Bank Stadium,2022,11
54,US Bank Stadium,2023,11
92,Valley Children's Stadium,2011,6
92,Valley Children's Stadium,2012,6
92,Valley Children's Stadium,2013,7
92,Valley Children's Stadium,2014,6
92,Valley Children's Stadium,2015,6
92,Valley Children's Stadium,2016,6
92,Valley Children's Stadium,2017,6
92,Valley Children's Stadium,2018,6
92,Valley Children's Stadium,2019,6
92,Valley Children's Stadium,2020,2
92,Valley Children's Stadium,2021,6
92,Valley Children's Stadium,2022,6
92,Valley Children's Stadium,2023,6
176,Vaught–Hemingway Stadium at Hollingsworth Field,2011,7
176,Vaught–Hemingway Stadium at Hollingsworth Field,2012,9
176,Vaught–Hemingway Stadium at Hollingsworth Field,2013,8
176,Vaught–Hemingway Stadium at Hollingsworth Field,2014,7
176,Vaught–Hemingway Stadium at Hollingsworth Field,2015,7
176,Vaught–Hemingway Stadium at Hollingsworth Field,2016,7
176,Vaught–Hemingway Stadium at Hollingsworth Field,2017,7
176,Vaught–Hemingway Stadium at Hollingsworth Field,2018,7
176,Vaught–Hemingway Stadium at Hollingsworth Field,2019,7
176,Vaught–Hemingway Stadium at Hollingsworth Field,2020,5
176,Vaught–Hemingway Stadium at Hollingsworth Field,2021,7
176,Vaught–Hemingway Stadium at Hollingsworth Field,2022,7
176,Vaught–Hemingway Stadium at Hollingsworth Field,2023,7
177,Veterans Memorial Stadium at Larry Blakeney Field,2011,5
177,Veterans Memorial Stadium at Larry Blakeney Field,2012,6
177,Veterans Memorial Stadium at Larry Blakeney Field,2013,5
177,Veterans Memorial Stadium at Larry Blakeney Field,2014,6
177,Veterans Memorial Stadium at Larry Blakeney Field,2015,5
177,Veterans Memorial Stadium at Larry Blakeney Field,2016,6
177,Veterans Memorial Stadium at Larry Blakeney Field,2017,6
177,Veterans Memorial Stadium at Larry Blakeney Field,2018,6
177,Veterans Memorial Stadium at Larry Blakeney Field,2019,6
177,Veterans Memorial Stadium at Larry Blakeney Field,2020,5
177,Veterans Memorial Stadium at Larry Blakeney Field,2021,6
177,Veterans Memorial Stadium at Larry Blakeney Field,2022,7
177,Veterans Memorial Stadium at Larry Blakeney Field,2023,7
210,Villanova Stadium,2019,4
210,Villanova Stadium,2022,5
210,Villanova Stadium,2023,6
335,Wagner College Stadium,2022,4
335,Wagner College Stadium,2023,5
178,Waldo Stadium,2011,5
178,Waldo Stadium,2012,6
178,Waldo Stadium,2013,5
178,Waldo Stadium,2014,5
178,Waldo Stadium,2015,6
178,Waldo Stadium,2016,6
178,Waldo Stadium,2017,6
178,Waldo Stadium,2018,6
178,Waldo Stadium,2019,6
178,Waldo Stadium,2020,3
178,Waldo Stadium,2021,6
178,Waldo Stadium,2022,6
178,Waldo Stadium,2023,5
304,Walkup Skydome,2022,5
304,Walkup Skydome,2023,5
128,War Memorial Stadium,2011,6
128,War Memorial Stadium,2012,6
128,War Memorial Stadium,2013,6
128,War Memorial Stadium,2014,7
128,War Memorial Stadium,2015,7
128,War Memorial Stadium,2016,7
128,War Memorial Stadium,2017,7
128,War Memorial Stadium,2018,6
128,War Memorial Stadium,2019,6
128,War Memorial Stadium,2020,2
128,War Memorial Stadium,2021,6
128,War Memorial Stadium,2022,6
128,War Memorial Stadium,2023,7
243,War Memorial Stadium (Little Rock AR),2021,1
243,War Memorial Stadium (Little Rock AR),2023,1
179,Warren McGuirk Alumni Stadium,2012,5
179,Warren McGuirk Alumni Stadium,2013,5
179,Warren McGuirk Alumni Stadium,2014,3
179,Warren McGuirk Alumni Stadium,2015,6
179,Warren McGuirk Alumni Stadium,2016,6
179,Warren McGuirk Alumni Stadium,2017,5
179,Warren McGuirk Alumni Stadium,2018,6
179,Warren McGuirk Alumni Stadium,2019,6
179,Warren McGuirk Alumni Stadium,2021,6
179,Warren McGuirk Alumni Stadium,2022,5
179,Warren McGuirk Alumni Stadium,2023,5
298,Washington Grizzly Stadium,2022,7
298,Washington Grizzly Stadium,2023,9
324,W. B. Mason Stadium,2022,5
324,W. B. Mason Stadium,2023,4
267,Welcome Stadium,2022,5
267,Welcome Stadium,2023,6
26,Wembley Stadium,2007,1
26,Wembley Stadium,2008,1
26,Wembley Stadium,2009,1
26,Wembley Stadium,2010,1
26,Wembley Stadium,2011,1
26,Wembley Stadium,2012,1
26,Wembley Stadium,2013,2
26,Wembley Stadium,2014,3
26,Wembley Stadium,2015,3
26,Wembley Stadium,2016,2
26,Wembley Stadium,2017,2
26,Wembley Stadium,2018,3
26,Wembley Stadium,2019,2
26,Wembley Stadium,2022,1
26,Wembley Stadium,2023,2
363,Wildcat Stadium (Indiana Wesleyan),2023,1
213,Wildcat Stadium (New Hampshire),2019,1
213,Wildcat Stadium (New Hampshire),2022,6
213,Wildcat Stadium (New Hampshire),2023,5
273,William B. Greene Jr. Stadium,2022,5
273,William B. Greene Jr. Stadium,2023,5
219,William H. Greene Stadium,2019,1
219,William H. Greene Stadium,2022,3
219,William H. Greene Stadium,2023,4
182,William H. Kibbie-A SUI Activity Center,2011,6
182,William H. Kibbie-A SUI Activity Center,2012,5
182,William H. Kibbie-A SUI Activity Center,2013,5
182,William H. Kibbie-A SUI Activity Center,2014,5
182,William H. Kibbie-A SUI Activity Center,2015,6
182,William H. Kibbie-A SUI Activity Center,2016,5
182,William H. Kibbie-A SUI Activity Center,2017,6
182,William H. Kibbie-A SUI Activity Center,2018,1
182,William H. Kibbie-A SUI Activity Center,2019,5
182,William H. Kibbie-A SUI Activity Center,2022,5
182,William H. Kibbie-A SUI Activity Center,2023,6
222,William Price Football Stadium,2019,1
222,William Price Football Stadium,2022,5
222,William Price Football Stadium,2023,4
181,Williams-Brice Stadium,2011,9
181,Williams-Brice Stadium,2012,8
181,Williams-Brice Stadium,2013,8
181,Williams-Brice Stadium,2014,7
181,Williams-Brice Stadium,2015,6
181,Williams-Brice Stadium,2016,7
181,Williams-Brice Stadium,2017,7
181,Williams-Brice Stadium,2018,8
181,Williams-Brice Stadium,2019,7
181,Williams-Brice Stadium,2020,5
181,Williams-Brice Stadium,2021,7
181,Williams-Brice Stadium,2022,7
181,Williams-Brice Stadium,2023,7
244,Wrigley Field,2021,1
244,Wrigley Field,2023,1
339,Yale Bowl,2022,5
339,Yale Bowl,2023,7
189,Yankee Stadium,2014,2
189,Yankee Stadium,2015,1
189,Yankee Stadium,2016,1
189,Yankee Stadium,2017,1
189,Yankee Stadium,2018,2
189,Yankee Stadium,2019,1
189,Yankee Stadium,2021,1
189,Yankee Stadium,2022,1
189,Yankee Stadium,2023,2
212,Zable Stadium at Carey Field,2019,1
212,Zable Stadium at Carey Field,2022,6
212,Zable Stadium at Carey Field,2023,5
